timestamp,capacity_percent,current_mA
2026-07-02 11:36:59,69,1089.00
2026-07-02 11:37:00,69,817.00
2026-07-02 11:37:01,69,749.00
2026-07-02 11:37:02,69,749.00
2026-07-02 11:37:03,69,715.00
2026-07-02 11:37:04,69,783.00
2026-07-02 11:37:05,69,749.00
2026-07-02 11:37:06,69,0.00,插入电源适配器
2026-07-02 11:37:07,69,2074.00
2026-07-02 11:37:08,69,2210.00
2026-07-02 11:37:09,69,2244.00
2026-07-02 11:37:10,69,2244.00
2026-07-02 11:37:11,69,2244.00
2026-07-02 11:37:12,69,2244.00
2026-07-02 11:37:13,69,2244.00
2026-07-02 11:37:14,69,2244.00
2026-07-02 11:37:15,69,2244.00
2026-07-02 11:37:16,69,2244.00
2026-07-02 11:37:17,69,2244.00
2026-07-02 11:37:18,69,2210.00
2026-07-02 11:37:19,69,2244.00
2026-07-02 11:37:20,69,2176.00
2026-07-02 11:37:21,69,2244.00
2026-07-02 11:37:22,69,2244.00
2026-07-02 11:37:23,69,2244.00
2026-07-02 11:37:24,69,2074.00
2026-07-02 11:37:25,69,2244.00
2026-07-02 11:37:26,69,2244.00
2026-07-02 11:37:27,69,2244.00
2026-07-02 11:37:28,69,2244.00
2026-07-02 11:37:29,69,2244.00
2026-07-02 11:37:30,69,2244.00
2026-07-02 11:37:31,69,2244.00
2026-07-02 11:37:32,69,2244.00
2026-07-02 11:37:33,69,2244.00
2026-07-02 11:37:34,69,2244.00
2026-07-02 11:37:35,69,2210.00
2026-07-02 11:37:36,69,2142.00
2026-07-02 11:37:37,69,2244.00
2026-07-02 11:37:38,69,2210.00
2026-07-02 11:37:39,69,2244.00
2026-07-02 11:37:40,69,2244.00
2026-07-02 11:37:41,69,2244.00
2026-07-02 11:37:42,69,2244.00
2026-07-02 11:37:43,69,2244.00
2026-07-02 11:37:44,69,2244.00
2026-07-02 11:37:45,69,2244.00
2026-07-02 11:37:46,69,2244.00
2026-07-02 11:37:47,69,2074.00
2026-07-02 11:37:48,69,2244.00
2026-07-02 11:37:49,69,2176.00
2026-07-02 11:37:50,69,2244.00
2026-07-02 11:37:51,69,2244.00
2026-07-02 11:37:52,69,2244.00
2026-07-02 11:37:53,69,2244.00
2026-07-02 11:37:54,69,2244.00
2026-07-02 11:37:55,69,2210.00
2026-07-02 11:37:56,69,2210.00
2026-07-02 11:37:57,69,2244.00
2026-07-02 11:37:58,69,2244.00
2026-07-02 11:37:59,69,2244.00
2026-07-02 11:38:00,69,2244.00
2026-07-02 11:38:01,69,2244.00
2026-07-02 11:38:02,69,2244.00
2026-07-02 11:38:03,69,2244.00
2026-07-02 11:38:04,69,2244.00
2026-07-02 11:38:05,69,2244.00
2026-07-02 11:38:06,69,2244.00
2026-07-02 11:38:07,69,2210.00
2026-07-02 11:38:08,69,2244.00
2026-07-02 11:38:09,69,2244.00
2026-07-02 11:38:10,69,2244.00
2026-07-02 11:38:11,70,2244.00
2026-07-02 11:38:12,70,2244.00
2026-07-02 11:38:13,70,2244.00
2026-07-02 11:38:14,70,2244.00
2026-07-02 11:38:15,70,2244.00
2026-07-02 11:38:16,70,2244.00
2026-07-02 11:38:17,70,2244.00
2026-07-02 11:38:18,70,2244.00
2026-07-02 11:38:19,70,2244.00
2026-07-02 11:38:20,70,2244.00
2026-07-02 11:38:21,70,2244.00
2026-07-02 11:38:22,70,2244.00
2026-07-02 11:38:23,70,2244.00
2026-07-02 11:38:24,70,2244.00
2026-07-02 11:38:25,70,2244.00
2026-07-02 11:38:26,70,2244.00
2026-07-02 11:38:27,70,2244.00
2026-07-02 11:38:28,70,2244.00
2026-07-02 11:38:29,70,2244.00
2026-07-02 11:38:30,70,2244.00
2026-07-02 11:38:31,70,2244.00
2026-07-02 11:38:32,70,2244.00
2026-07-02 11:38:33,70,2244.00
2026-07-02 11:38:34,70,2244.00
2026-07-02 11:38:35,70,2244.00
2026-07-02 11:38:36,70,2244.00
2026-07-02 11:38:37,70,2244.00
2026-07-02 11:38:38,70,2244.00
2026-07-02 11:38:39,70,2244.00
2026-07-02 11:38:40,70,2244.00
2026-07-02 11:38:41,70,2244.00
2026-07-02 11:38:42,70,2244.00
2026-07-02 11:38:43,70,2244.00
2026-07-02 11:38:44,70,2244.00
2026-07-02 11:38:45,70,2244.00
2026-07-02 11:38:46,70,2244.00
2026-07-02 11:38:47,70,2244.00
2026-07-02 11:38:48,70,2244.00
2026-07-02 11:38:49,70,2244.00
2026-07-02 11:38:50,70,2244.00
2026-07-02 11:38:51,70,2244.00
2026-07-02 11:38:52,70,2244.00
2026-07-02 11:38:53,70,2244.00
2026-07-02 11:38:54,70,2244.00
2026-07-02 11:38:55,70,2244.00
2026-07-02 11:38:56,70,2244.00
2026-07-02 11:38:57,70,2244.00
2026-07-02 11:38:58,70,1938.00
2026-07-02 11:38:59,70,2210.00
2026-07-02 11:39:00,70,2244.00
2026-07-02 11:39:01,70,2244.00
2026-07-02 11:39:02,70,1224.00
2026-07-02 11:39:03,70,2244.00
2026-07-02 11:39:04,70,2244.00
2026-07-02 11:39:05,70,2244.00
2026-07-02 11:39:06,70,2244.00
2026-07-02 11:39:07,70,2244.00
2026-07-02 11:39:08,70,2244.00
2026-07-02 11:39:10,70,2244.00
2026-07-02 11:39:11,70,2244.00
2026-07-02 11:39:12,70,2244.00
2026-07-02 11:39:13,70,2244.00
2026-07-02 11:39:14,70,2244.00
2026-07-02 11:39:15,70,2210.00
2026-07-02 11:39:16,70,2244.00
2026-07-02 11:39:17,71,2244.00
2026-07-02 11:39:18,71,2244.00
2026-07-02 11:39:19,71,2244.00
2026-07-02 11:39:20,71,2244.00
2026-07-02 11:39:21,71,2244.00
2026-07-02 11:39:22,71,2244.00
2026-07-02 11:39:23,71,2244.00
2026-07-02 11:39:24,71,2244.00
2026-07-02 11:39:25,71,2244.00
2026-07-02 11:39:26,71,2244.00
2026-07-02 11:39:27,71,2244.00
2026-07-02 11:39:28,71,2244.00
2026-07-02 11:39:29,71,2244.00
2026-07-02 11:39:30,71,2108.00
2026-07-02 11:39:31,71,2244.00
2026-07-02 11:39:32,71,2244.00
2026-07-02 11:39:33,71,2244.00
2026-07-02 11:39:34,71,2244.00
2026-07-02 11:39:35,71,2244.00
2026-07-02 11:39:36,71,2244.00
2026-07-02 11:39:37,71,2244.00
2026-07-02 11:39:38,71,2244.00
2026-07-02 11:39:39,71,2244.00
2026-07-02 11:39:40,71,2244.00
2026-07-02 11:39:41,71,2244.00
2026-07-02 11:39:42,71,2244.00
2026-07-02 11:39:43,71,2244.00
2026-07-02 11:39:44,71,2244.00
2026-07-02 11:39:45,71,2244.00
2026-07-02 11:39:46,71,2244.00
2026-07-02 11:39:47,71,2244.00
2026-07-02 11:39:48,71,2244.00
2026-07-02 11:39:49,71,2244.00
2026-07-02 11:39:50,71,2244.00
2026-07-02 11:39:51,71,2244.00
2026-07-02 11:39:52,71,2244.00
2026-07-02 11:39:53,71,2244.00
2026-07-02 11:39:54,71,2244.00
2026-07-02 11:39:55,71,2244.00
2026-07-02 11:39:56,71,2244.00
2026-07-02 11:39:57,71,2244.00
2026-07-02 11:39:58,71,2244.00
2026-07-02 11:39:59,71,2244.00
2026-07-02 11:40:00,71,2244.00
2026-07-02 11:40:01,71,2244.00
2026-07-02 11:40:02,71,2244.00
2026-07-02 11:40:03,71,2244.00
2026-07-02 11:40:04,71,2244.00
2026-07-02 11:40:05,71,2210.00
2026-07-02 11:40:06,71,2244.00
2026-07-02 11:40:07,71,2244.00
2026-07-02 11:40:08,71,2210.00
2026-07-02 11:40:09,71,2244.00
2026-07-02 11:40:10,71,2244.00
2026-07-02 11:40:11,71,2244.00
2026-07-02 11:40:12,71,2244.00
2026-07-02 11:40:13,71,2244.00
2026-07-02 11:40:14,71,2244.00
2026-07-02 11:40:15,71,2142.00
2026-07-02 11:40:16,71,2244.00
2026-07-02 11:40:17,71,2210.00
2026-07-02 11:40:18,71,2244.00
2026-07-02 11:40:19,71,2244.00
2026-07-02 11:40:20,71,2244.00
2026-07-02 11:40:21,72,2244.00
2026-07-02 11:40:22,72,2244.00
2026-07-02 11:40:23,72,2244.00
2026-07-02 11:40:24,72,2244.00
2026-07-02 11:40:25,72,2176.00
2026-07-02 11:40:26,72,2244.00
2026-07-02 11:40:27,72,2244.00
2026-07-02 11:40:28,72,2244.00
2026-07-02 11:40:29,72,2244.00
2026-07-02 11:40:30,72,2210.00
2026-07-02 11:40:31,72,2244.00
2026-07-02 11:40:32,72,2244.00
2026-07-02 11:40:33,72,2244.00
2026-07-02 11:40:34,72,2244.00
2026-07-02 11:40:35,72,2244.00
2026-07-02 11:40:36,72,2244.00
2026-07-02 11:40:37,72,2244.00
2026-07-02 11:40:38,72,2244.00
2026-07-02 11:40:39,72,2244.00
2026-07-02 11:40:40,72,2244.00
2026-07-02 11:40:41,72,2244.00
2026-07-02 11:40:42,72,2244.00
2026-07-02 11:40:43,72,2244.00
2026-07-02 11:40:44,72,2244.00
2026-07-02 11:40:45,72,2244.00
2026-07-02 11:40:46,72,2244.00
2026-07-02 11:40:47,72,2210.00
2026-07-02 11:40:48,72,2244.00
2026-07-02 11:40:49,72,2244.00
2026-07-02 11:40:50,72,2244.00
2026-07-02 11:40:51,72,2244.00
2026-07-02 11:40:52,72,2244.00
2026-07-02 11:40:53,72,2244.00
2026-07-02 11:40:54,72,2244.00
2026-07-02 11:40:55,72,2244.00
2026-07-02 11:40:56,72,2244.00
2026-07-02 11:40:57,72,2244.00
2026-07-02 11:40:58,72,2244.00
2026-07-02 11:40:59,72,2244.00
2026-07-02 11:41:00,72,2244.00
2026-07-02 11:41:01,72,2244.00
2026-07-02 11:41:02,72,2244.00
2026-07-02 11:41:03,72,2244.00
2026-07-02 11:41:04,72,2244.00
2026-07-02 11:41:05,72,2244.00
2026-07-02 11:41:06,72,2244.00
2026-07-02 11:41:07,72,2244.00
2026-07-02 11:41:08,72,2244.00
2026-07-02 11:41:09,72,2244.00
2026-07-02 11:41:10,72,2244.00
2026-07-02 11:41:11,72,2244.00
2026-07-02 11:41:12,72,2244.00
2026-07-02 11:41:13,72,2244.00
2026-07-02 11:41:14,72,2244.00
2026-07-02 11:41:15,72,2244.00
2026-07-02 11:41:16,72,2074.00
2026-07-02 11:41:17,72,2244.00
2026-07-02 11:41:18,72,2244.00
2026-07-02 11:41:19,72,2244.00
2026-07-02 11:41:20,72,2244.00
2026-07-02 11:41:21,72,2244.00
2026-07-02 11:41:22,72,2244.00
2026-07-02 11:41:23,72,2244.00
2026-07-02 11:41:24,73,2244.00
2026-07-02 11:41:25,73,2244.00
2026-07-02 11:41:26,73,2244.00
2026-07-02 11:41:27,73,2244.00
2026-07-02 11:41:28,73,2244.00
2026-07-02 11:41:29,73,2244.00
2026-07-02 11:41:30,73,2244.00
2026-07-02 11:41:31,73,2244.00
2026-07-02 11:41:32,73,2244.00
2026-07-02 11:41:33,73,2244.00
2026-07-02 11:41:34,73,2244.00
2026-07-02 11:41:35,73,2244.00
2026-07-02 11:41:36,73,2244.00
2026-07-02 11:41:37,73,2244.00
2026-07-02 11:41:38,73,2244.00
2026-07-02 11:41:39,73,2244.00
2026-07-02 11:41:40,73,2244.00
2026-07-02 11:41:41,73,2244.00
2026-07-02 11:41:42,73,2244.00
2026-07-02 11:41:43,73,2244.00
2026-07-02 11:41:44,73,2244.00
2026-07-02 11:41:45,73,2244.00
2026-07-02 11:41:46,73,2244.00
2026-07-02 11:41:47,73,2244.00
2026-07-02 11:41:48,73,2244.00
2026-07-02 11:41:49,73,2244.00
2026-07-02 11:41:50,73,2244.00
2026-07-02 11:41:51,73,2244.00
2026-07-02 11:41:52,73,2244.00
2026-07-02 11:41:53,73,2244.00
2026-07-02 11:41:54,73,2244.00
2026-07-02 11:41:55,73,2244.00
2026-07-02 11:41:56,73,2244.00
2026-07-02 11:41:57,73,2244.00
2026-07-02 11:41:58,73,2244.00
2026-07-02 11:41:59,73,2244.00
2026-07-02 11:42:00,73,2244.00
2026-07-02 11:42:01,73,2244.00
2026-07-02 11:42:02,73,2244.00
2026-07-02 11:42:03,73,2244.00
2026-07-02 11:42:04,73,2210.00
2026-07-02 11:42:05,73,2244.00
2026-07-02 11:42:06,73,2244.00
2026-07-02 11:42:07,73,2244.00
2026-07-02 11:42:08,73,2244.00
2026-07-02 11:42:09,73,2244.00
2026-07-02 11:42:10,73,2210.00
2026-07-02 11:42:11,73,2244.00
2026-07-02 11:42:12,73,2244.00
2026-07-02 11:42:13,73,2142.00
2026-07-02 11:42:14,73,2244.00
2026-07-02 11:42:15,73,2244.00
2026-07-02 11:42:16,73,2244.00
2026-07-02 11:42:17,73,2244.00
2026-07-02 11:42:18,73,2244.00
2026-07-02 11:42:19,73,2244.00
2026-07-02 11:42:20,73,2244.00
2026-07-02 11:42:21,73,2244.00
2026-07-02 11:42:22,73,2244.00
2026-07-02 11:42:23,73,2244.00
2026-07-02 11:42:24,73,2244.00
2026-07-02 11:42:25,73,2244.00
2026-07-02 11:42:26,73,2244.00
2026-07-02 11:42:27,73,2244.00
2026-07-02 11:42:28,74,2244.00
2026-07-02 11:42:29,74,2244.00
2026-07-02 11:42:30,74,2244.00
2026-07-02 11:42:31,74,2244.00
2026-07-02 11:42:32,74,2244.00
2026-07-02 11:42:33,74,2210.00
2026-07-02 11:42:34,74,2244.00
2026-07-02 11:42:35,74,2244.00
2026-07-02 11:42:36,74,2244.00
2026-07-02 11:42:37,74,2244.00
2026-07-02 11:42:38,74,2244.00
2026-07-02 11:42:39,74,2244.00
2026-07-02 11:42:40,74,2244.00
2026-07-02 11:42:41,74,2244.00
2026-07-02 11:42:42,74,2244.00
2026-07-02 11:42:43,74,2142.00
2026-07-02 11:42:44,74,2142.00
2026-07-02 11:42:45,74,2244.00
2026-07-02 11:42:46,74,2244.00
2026-07-02 11:42:47,74,2244.00
2026-07-02 11:42:48,74,2244.00
2026-07-02 11:42:49,74,2244.00
2026-07-02 11:42:50,74,2244.00
2026-07-02 11:42:51,74,2244.00
2026-07-02 11:42:52,74,2244.00
2026-07-02 11:42:53,74,2108.00
2026-07-02 11:42:54,74,2210.00
2026-07-02 11:42:55,74,2244.00
2026-07-02 11:42:56,74,2210.00
2026-07-02 11:42:57,74,2244.00
2026-07-02 11:42:58,74,2244.00
2026-07-02 11:42:59,74,2244.00
2026-07-02 11:43:00,74,2244.00
2026-07-02 11:43:01,74,2244.00
2026-07-02 11:43:02,74,2244.00
2026-07-02 11:43:03,74,2244.00
2026-07-02 11:43:04,74,2244.00
2026-07-02 11:43:05,74,2244.00
2026-07-02 11:43:06,74,2244.00
2026-07-02 11:43:07,74,2244.00
2026-07-02 11:43:08,74,2244.00
2026-07-02 11:43:09,74,2244.00
2026-07-02 11:43:10,74,2244.00
2026-07-02 11:43:11,74,2244.00
2026-07-02 11:43:12,74,2244.00
2026-07-02 11:43:13,74,2244.00
2026-07-02 11:43:14,74,2210.00
2026-07-02 11:43:15,74,2244.00
2026-07-02 11:43:16,74,2244.00
2026-07-02 11:43:17,74,2244.00
2026-07-02 11:43:18,74,2244.00
2026-07-02 11:43:19,74,2176.00
2026-07-02 11:43:20,74,2210.00
2026-07-02 11:43:21,74,2244.00
2026-07-02 11:43:22,74,2244.00
2026-07-02 11:43:23,74,2244.00
2026-07-02 11:43:24,74,2108.00
2026-07-02 11:43:25,74,2244.00
2026-07-02 11:43:26,74,2108.00
2026-07-02 11:43:27,74,2176.00
2026-07-02 11:43:28,74,2142.00
2026-07-02 11:43:29,74,2244.00
2026-07-02 11:43:30,74,2244.00
2026-07-02 11:43:31,74,2176.00
2026-07-02 11:43:32,74,2244.00
2026-07-02 11:43:33,75,2244.00
2026-07-02 11:43:34,75,2210.00
2026-07-02 11:43:35,75,2244.00
2026-07-02 11:43:36,75,2142.00
2026-07-02 11:43:37,75,2244.00
2026-07-02 11:43:38,75,2210.00
2026-07-02 11:43:39,75,2074.00
2026-07-02 11:43:40,75,2244.00
2026-07-02 11:43:41,75,2142.00
2026-07-02 11:43:42,75,2040.00
2026-07-02 11:43:43,75,2176.00
2026-07-02 11:43:44,75,2244.00
2026-07-02 11:43:45,75,2244.00
2026-07-02 11:43:46,75,2244.00
2026-07-02 11:43:47,75,2040.00
2026-07-02 11:43:48,75,2244.00
2026-07-02 11:43:49,75,2244.00
2026-07-02 11:43:50,75,2244.00
2026-07-02 11:43:51,75,2244.00
2026-07-02 11:43:52,75,2244.00
2026-07-02 11:43:53,75,2244.00
2026-07-02 11:43:54,75,2244.00
2026-07-02 11:43:55,75,2244.00
2026-07-02 11:43:56,75,2244.00
2026-07-02 11:43:57,75,2244.00
2026-07-02 11:43:58,75,2244.00
2026-07-02 11:43:59,75,2244.00
2026-07-02 11:44:00,75,2244.00
2026-07-02 11:44:01,75,2244.00
2026-07-02 11:44:02,75,2244.00
2026-07-02 11:44:03,75,2244.00
2026-07-02 11:44:04,75,2278.00
2026-07-02 11:44:05,75,2074.00
2026-07-02 11:44:06,75,2244.00
2026-07-02 11:44:07,75,2244.00
2026-07-02 11:44:08,75,2244.00
2026-07-02 11:44:09,75,2244.00
2026-07-02 11:44:10,75,2244.00
2026-07-02 11:44:11,75,2244.00
2026-07-02 11:44:12,75,2244.00
2026-07-02 11:44:13,75,2244.00
2026-07-02 11:44:14,75,2244.00
2026-07-02 11:44:15,75,2244.00
2026-07-02 11:44:16,75,2244.00
2026-07-02 11:44:17,75,2244.00
2026-07-02 11:44:18,75,2244.00
2026-07-02 11:44:19,75,2006.00
2026-07-02 11:44:20,75,2244.00
2026-07-02 11:44:21,75,2244.00
2026-07-02 11:44:22,75,2244.00
2026-07-02 11:44:23,75,2244.00
2026-07-02 11:44:24,75,2244.00
2026-07-02 11:44:25,75,2176.00
2026-07-02 11:44:26,75,2210.00
2026-07-02 11:44:27,75,2210.00
2026-07-02 11:44:28,75,2244.00
2026-07-02 11:44:29,75,2210.00
2026-07-02 11:44:30,75,1972.00
2026-07-02 11:44:31,75,2210.00
2026-07-02 11:44:32,75,2210.00
2026-07-02 11:44:33,75,2244.00
2026-07-02 11:44:34,75,2244.00
2026-07-02 11:44:35,75,2244.00
2026-07-02 11:44:36,75,2244.00
2026-07-02 11:44:37,75,2244.00
2026-07-02 11:44:38,76,2142.00
2026-07-02 11:44:39,76,2244.00
2026-07-02 11:44:40,76,2210.00
2026-07-02 11:44:41,76,2244.00
2026-07-02 11:44:42,76,2244.00
2026-07-02 11:44:43,76,2210.00
2026-07-02 11:44:44,76,2176.00
2026-07-02 11:44:45,76,2244.00
2026-07-02 11:44:46,76,2244.00
2026-07-02 11:44:47,76,2142.00
2026-07-02 11:44:48,76,2210.00
2026-07-02 11:44:49,76,2244.00
2026-07-02 11:44:50,76,2074.00
2026-07-02 11:44:51,76,2244.00
2026-07-02 11:44:52,76,2244.00
2026-07-02 11:44:53,76,2244.00
2026-07-02 11:44:54,76,2244.00
2026-07-02 11:44:55,76,2244.00
2026-07-02 11:44:56,76,2244.00
2026-07-02 11:44:57,76,2210.00
2026-07-02 11:44:58,76,2176.00
2026-07-02 11:44:59,76,2244.00
2026-07-02 11:45:00,76,2244.00
2026-07-02 11:45:01,76,2244.00
2026-07-02 11:45:02,76,2244.00
2026-07-02 11:45:03,76,2244.00
2026-07-02 11:45:04,76,2244.00
2026-07-02 11:45:05,76,2244.00
2026-07-02 11:45:06,76,2210.00
2026-07-02 11:45:07,76,2244.00
2026-07-02 11:45:08,76,2244.00
2026-07-02 11:45:09,76,2244.00
2026-07-02 11:45:10,76,2210.00
2026-07-02 11:45:11,76,2244.00
2026-07-02 11:45:12,76,2244.00
2026-07-02 11:45:13,76,2244.00
2026-07-02 11:45:14,76,2210.00
2026-07-02 11:45:15,76,2244.00
2026-07-02 11:45:16,76,2244.00
2026-07-02 11:45:17,76,2244.00
2026-07-02 11:45:18,76,2210.00
2026-07-02 11:45:19,76,2210.00
2026-07-02 11:45:20,76,2244.00
2026-07-02 11:45:21,76,2244.00
2026-07-02 11:45:22,76,2210.00
2026-07-02 11:45:23,76,2244.00
2026-07-02 11:45:24,76,2210.00
2026-07-02 11:45:25,76,2176.00
2026-07-02 11:45:26,76,2244.00
2026-07-02 11:45:27,76,2244.00
2026-07-02 11:45:28,76,2244.00
2026-07-02 11:45:29,76,2244.00
2026-07-02 11:45:30,76,2244.00
2026-07-02 11:45:31,76,2244.00
2026-07-02 11:45:32,76,2244.00
2026-07-02 11:45:33,76,2244.00
2026-07-02 11:45:34,76,2244.00
2026-07-02 11:45:35,76,2108.00
2026-07-02 11:45:36,76,2244.00
2026-07-02 11:45:37,76,2210.00
2026-07-02 11:45:38,76,2210.00
2026-07-02 11:45:39,76,2244.00
2026-07-02 11:45:40,76,2244.00
2026-07-02 11:45:41,76,2244.00
2026-07-02 11:45:42,77,2040.00
2026-07-02 11:45:43,77,2244.00
2026-07-02 11:45:44,77,2244.00
2026-07-02 11:45:45,77,2244.00
2026-07-02 11:45:46,77,2244.00
2026-07-02 11:45:47,77,2244.00
2026-07-02 11:45:48,77,2142.00
2026-07-02 11:45:49,77,2244.00
2026-07-02 11:45:50,77,2244.00
2026-07-02 11:45:51,77,2108.00
2026-07-02 11:45:52,77,2176.00
2026-07-02 11:45:53,77,2244.00
2026-07-02 11:45:54,77,2244.00
2026-07-02 11:45:55,77,2244.00
2026-07-02 11:45:56,77,2244.00
2026-07-02 11:45:57,77,2244.00
2026-07-02 11:45:58,77,2244.00
2026-07-02 11:45:59,77,2244.00
2026-07-02 11:46:00,77,2244.00
2026-07-02 11:46:01,77,2244.00
2026-07-02 11:46:02,77,2244.00
2026-07-02 11:46:03,77,2244.00
2026-07-02 11:46:04,77,2244.00
2026-07-02 11:46:05,77,2074.00
2026-07-02 11:46:06,77,2244.00
2026-07-02 11:46:07,77,2244.00
2026-07-02 11:46:08,77,2074.00
2026-07-02 11:46:09,77,2210.00
2026-07-02 11:46:10,77,2074.00
2026-07-02 11:46:11,77,2244.00
2026-07-02 11:46:12,77,2244.00
2026-07-02 11:46:13,77,2176.00
2026-07-02 11:46:14,77,2210.00
2026-07-02 11:46:15,77,2040.00
2026-07-02 11:46:16,77,2142.00
2026-07-02 11:46:17,77,2210.00
2026-07-02 11:46:18,77,2210.00
2026-07-02 11:46:19,77,2108.00
2026-07-02 11:46:20,77,2244.00
2026-07-02 11:46:21,77,2244.00
2026-07-02 11:46:22,77,2244.00
2026-07-02 11:46:23,77,2244.00
2026-07-02 11:46:24,77,2244.00
2026-07-02 11:46:25,77,2244.00
2026-07-02 11:46:26,77,2244.00
2026-07-02 11:46:27,77,2176.00
2026-07-02 11:46:28,77,2244.00
2026-07-02 11:46:29,77,2244.00
2026-07-02 11:46:30,77,2210.00
2026-07-02 11:46:31,77,2244.00
2026-07-02 11:46:32,77,2244.00
2026-07-02 11:46:33,77,2244.00
2026-07-02 11:46:34,77,2244.00
2026-07-02 11:46:35,77,2244.00
2026-07-02 11:46:36,77,2244.00
2026-07-02 11:46:37,77,2244.00
2026-07-02 11:46:38,77,2244.00
2026-07-02 11:46:39,77,2210.00
2026-07-02 11:46:40,77,2210.00
2026-07-02 11:46:41,77,2142.00
2026-07-02 11:46:42,77,2176.00
2026-07-02 11:46:43,77,2210.00
2026-07-02 11:46:44,77,2210.00
2026-07-02 11:46:45,77,2244.00
2026-07-02 11:46:46,77,2244.00
2026-07-02 11:46:47,77,2244.00
2026-07-02 11:46:48,78,2244.00
2026-07-02 11:46:49,78,2244.00
2026-07-02 11:46:50,78,2244.00
2026-07-02 11:46:51,78,2244.00
2026-07-02 11:46:52,78,2142.00
2026-07-02 11:46:53,78,2210.00
2026-07-02 11:46:54,78,2210.00
2026-07-02 11:46:55,78,2210.00
2026-07-02 11:46:56,78,2210.00
2026-07-02 11:46:57,78,2210.00
2026-07-02 11:46:58,78,2210.00
2026-07-02 11:46:59,78,2210.00
2026-07-02 11:47:00,78,2210.00
2026-07-02 11:47:01,78,1972.00
2026-07-02 11:47:02,78,2210.00
2026-07-02 11:47:03,78,2210.00
2026-07-02 11:47:04,78,2210.00
2026-07-02 11:47:05,78,2210.00
2026-07-02 11:47:06,78,2210.00
2026-07-02 11:47:07,78,2210.00
2026-07-02 11:47:08,78,2074.00
2026-07-02 11:47:09,78,2210.00
2026-07-02 11:47:10,78,2210.00
2026-07-02 11:47:11,78,2210.00
2026-07-02 11:47:12,78,2210.00
2026-07-02 11:47:13,78,2176.00
2026-07-02 11:47:14,78,2210.00
2026-07-02 11:47:15,78,2210.00
2026-07-02 11:47:16,78,2142.00
2026-07-02 11:47:17,78,2210.00
2026-07-02 11:47:18,78,2210.00
2026-07-02 11:47:19,78,2142.00
2026-07-02 11:47:20,78,2210.00
2026-07-02 11:47:21,78,2210.00
2026-07-02 11:47:22,78,2210.00
2026-07-02 11:47:23,78,2210.00
2026-07-02 11:47:24,78,2210.00
2026-07-02 11:47:25,78,2176.00
2026-07-02 11:47:26,78,2176.00
2026-07-02 11:47:27,78,2176.00
2026-07-02 11:47:28,78,2176.00
2026-07-02 11:47:29,78,2176.00
2026-07-02 11:47:30,78,2176.00
2026-07-02 11:47:31,78,2176.00
2026-07-02 11:47:32,78,2176.00
2026-07-02 11:47:33,78,2176.00
2026-07-02 11:47:34,78,2108.00
2026-07-02 11:47:35,78,2176.00
2026-07-02 11:47:36,78,2176.00
2026-07-02 11:47:37,78,2176.00
2026-07-02 11:47:38,78,2176.00
2026-07-02 11:47:39,78,2176.00
2026-07-02 11:47:40,78,2176.00
2026-07-02 11:47:41,78,2176.00
2026-07-02 11:47:42,78,2176.00
2026-07-02 11:47:43,78,2176.00
2026-07-02 11:47:44,78,2176.00
2026-07-02 11:47:45,78,2176.00
2026-07-02 11:47:46,78,2176.00
2026-07-02 11:47:47,78,2176.00
2026-07-02 11:47:48,78,2176.00
2026-07-02 11:47:49,78,2142.00
2026-07-02 11:47:50,78,2142.00
2026-07-02 11:47:51,78,2108.00
2026-07-02 11:47:52,78,2142.00
2026-07-02 11:47:53,79,2176.00
2026-07-02 11:47:54,79,2142.00
2026-07-02 11:47:55,79,2142.00
2026-07-02 11:47:56,79,2142.00
2026-07-02 11:47:57,79,2142.00
2026-07-02 11:47:58,79,2142.00
2026-07-02 11:47:59,79,2142.00
2026-07-02 11:48:00,79,2142.00
2026-07-02 11:48:01,79,2142.00
2026-07-02 11:48:02,79,2142.00
2026-07-02 11:48:03,79,2142.00
2026-07-02 11:48:04,79,2142.00
2026-07-02 11:48:05,79,2074.00
2026-07-02 11:48:06,79,2074.00
2026-07-02 11:48:07,79,2108.00
2026-07-02 11:48:08,79,2108.00
2026-07-02 11:48:09,79,2142.00
2026-07-02 11:48:10,79,1972.00
2026-07-02 11:48:11,79,2108.00
2026-07-02 11:48:12,79,2142.00
2026-07-02 11:48:13,79,2040.00
2026-07-02 11:48:14,79,2108.00
2026-07-02 11:48:15,79,2006.00
2026-07-02 11:48:16,79,2074.00
2026-07-02 11:48:17,79,2108.00
2026-07-02 11:48:18,79,2142.00
2026-07-02 11:48:19,79,2142.00
2026-07-02 11:48:20,79,2142.00
2026-07-02 11:48:21,79,2142.00
2026-07-02 11:48:22,79,2142.00
2026-07-02 11:48:23,79,2142.00
2026-07-02 11:48:24,79,2142.00
2026-07-02 11:48:25,79,2142.00
2026-07-02 11:48:26,79,2142.00
2026-07-02 11:48:27,79,2142.00
2026-07-02 11:48:28,79,2142.00
2026-07-02 11:48:29,79,2142.00
2026-07-02 11:48:30,79,2074.00
2026-07-02 11:48:31,79,2142.00
2026-07-02 11:48:32,79,2142.00
2026-07-02 11:48:33,79,2142.00
2026-07-02 11:48:34,79,2142.00
2026-07-02 11:48:35,79,2142.00
2026-07-02 11:48:36,79,2108.00
2026-07-02 11:48:37,79,2142.00
2026-07-02 11:48:38,79,2142.00
2026-07-02 11:48:39,79,2108.00
2026-07-02 11:48:40,79,2142.00
2026-07-02 11:48:41,79,2142.00
2026-07-02 11:48:42,79,2142.00
2026-07-02 11:48:43,79,2142.00
2026-07-02 11:48:44,79,2142.00
2026-07-02 11:48:45,79,2142.00
2026-07-02 11:48:46,79,2074.00
2026-07-02 11:48:47,79,2108.00
2026-07-02 11:48:48,79,2142.00
2026-07-02 11:48:49,79,2142.00
2026-07-02 11:48:50,79,2142.00
2026-07-02 11:48:51,79,2142.00
2026-07-02 11:48:52,79,2142.00
2026-07-02 11:48:53,79,2142.00
2026-07-02 11:48:54,79,2142.00
2026-07-02 11:48:55,79,2142.00
2026-07-02 11:48:56,79,2142.00
2026-07-02 11:48:57,79,2108.00
2026-07-02 11:48:58,79,2074.00
2026-07-02 11:48:59,79,2108.00
2026-07-02 11:49:00,79,2108.00
2026-07-02 11:49:01,80,2108.00
2026-07-02 11:49:02,80,2108.00
2026-07-02 11:49:03,80,2108.00
2026-07-02 11:49:04,80,2108.00
2026-07-02 11:49:05,80,2108.00
2026-07-02 11:49:06,80,2108.00
2026-07-02 11:49:07,80,2108.00
2026-07-02 11:49:08,80,2142.00
2026-07-02 11:49:09,80,2142.00
2026-07-02 11:49:10,80,2142.00
2026-07-02 11:49:11,80,2142.00
2026-07-02 11:49:12,80,2142.00
2026-07-02 11:49:13,80,2142.00
2026-07-02 11:49:14,80,2142.00
2026-07-02 11:49:15,80,2142.00
2026-07-02 11:49:16,80,2142.00
2026-07-02 11:49:17,80,2142.00
2026-07-02 11:49:18,80,2142.00
2026-07-02 11:49:19,80,2142.00
2026-07-02 11:49:20,80,2142.00
2026-07-02 11:49:21,80,2142.00
2026-07-02 11:49:22,80,2142.00
2026-07-02 11:49:23,80,2142.00
2026-07-02 11:49:24,80,2142.00
2026-07-02 11:49:25,80,2142.00
2026-07-02 11:49:26,80,2142.00
2026-07-02 11:49:27,80,2142.00
2026-07-02 11:49:28,80,2142.00
2026-07-02 11:49:29,80,2142.00
2026-07-02 11:49:30,80,2142.00
2026-07-02 11:49:31,80,2142.00
2026-07-02 11:49:32,80,2142.00
2026-07-02 11:49:33,80,2142.00
2026-07-02 11:49:34,80,2142.00
2026-07-02 11:49:35,80,2142.00
2026-07-02 11:49:36,80,1938.00
2026-07-02 11:49:37,80,2108.00
2026-07-02 11:49:38,80,2108.00
2026-07-02 11:49:39,80,2108.00
2026-07-02 11:49:40,80,2108.00
2026-07-02 11:49:41,80,2108.00
2026-07-02 11:49:42,80,2108.00
2026-07-02 11:49:43,80,2108.00
2026-07-02 11:49:44,80,2108.00
2026-07-02 11:49:45,80,2108.00
2026-07-02 11:49:46,80,2108.00
2026-07-02 11:49:47,80,2108.00
2026-07-02 11:49:48,80,2108.00
2026-07-02 11:49:49,80,2108.00
2026-07-02 11:49:50,80,2108.00
2026-07-02 11:49:51,80,2108.00
2026-07-02 11:49:52,80,2108.00
2026-07-02 11:49:53,80,2108.00
2026-07-02 11:49:54,80,2108.00
2026-07-02 11:49:55,80,1938.00
2026-07-02 11:49:56,80,2108.00
2026-07-02 11:49:57,80,2040.00
2026-07-02 11:49:58,80,2108.00
2026-07-02 11:49:59,80,2108.00
2026-07-02 11:50:00,80,2108.00
2026-07-02 11:50:01,80,2108.00
2026-07-02 11:50:02,80,2108.00
2026-07-02 11:50:03,80,2108.00
2026-07-02 11:50:04,80,1972.00
2026-07-02 11:50:05,80,2108.00
2026-07-02 11:50:06,80,2108.00
2026-07-02 11:50:07,80,2108.00
2026-07-02 11:50:08,80,2108.00
2026-07-02 11:50:09,81,2108.00
2026-07-02 11:50:10,81,1700.00
2026-07-02 11:50:11,81,2040.00
2026-07-02 11:50:12,81,2074.00
2026-07-02 11:50:13,81,2074.00
2026-07-02 11:50:14,81,2074.00
2026-07-02 11:50:15,81,2074.00
2026-07-02 11:50:16,81,2040.00
2026-07-02 11:50:17,81,2074.00
2026-07-02 11:50:18,81,2074.00
2026-07-02 11:50:19,81,2074.00
2026-07-02 11:50:20,81,2040.00
2026-07-02 11:50:21,81,2074.00
2026-07-02 11:50:22,81,2074.00
2026-07-02 11:50:23,81,2074.00
2026-07-02 11:50:24,81,2074.00
2026-07-02 11:50:25,81,2040.00
2026-07-02 11:50:26,81,2040.00
2026-07-02 11:50:27,81,2040.00
2026-07-02 11:50:28,81,2074.00
2026-07-02 11:50:29,81,2074.00
2026-07-02 11:50:30,81,2040.00
2026-07-02 11:50:31,81,2074.00
2026-07-02 11:50:32,81,2074.00
2026-07-02 11:50:33,81,2074.00
2026-07-02 11:50:34,81,2074.00
2026-07-02 11:50:35,81,2074.00
2026-07-02 11:50:36,81,2074.00
2026-07-02 11:50:37,81,2074.00
2026-07-02 11:50:38,81,2074.00
2026-07-02 11:50:39,81,2074.00
2026-07-02 11:50:40,81,2074.00
2026-07-02 11:50:41,81,2074.00
2026-07-02 11:50:42,81,2074.00
2026-07-02 11:50:43,81,2074.00
2026-07-02 11:50:44,81,2074.00
2026-07-02 11:50:45,81,2074.00
2026-07-02 11:50:46,81,2074.00
2026-07-02 11:50:47,81,2074.00
2026-07-02 11:50:48,81,2074.00
2026-07-02 11:50:49,81,2074.00
2026-07-02 11:50:50,81,2040.00
2026-07-02 11:50:51,81,2074.00
2026-07-02 11:50:52,81,2074.00
2026-07-02 11:50:53,81,2074.00
2026-07-02 11:50:54,81,2074.00
2026-07-02 11:50:55,81,2074.00
2026-07-02 11:50:56,81,2074.00
2026-07-02 11:50:57,81,2074.00
2026-07-02 11:50:58,81,2074.00
2026-07-02 11:50:59,81,2074.00
2026-07-02 11:51:00,81,2074.00
2026-07-02 11:51:01,81,2074.00
2026-07-02 11:51:02,81,2074.00
2026-07-02 11:51:03,81,2074.00
2026-07-02 11:51:04,81,2074.00
2026-07-02 11:51:05,81,2074.00
2026-07-02 11:51:06,81,2074.00
2026-07-02 11:51:07,81,2074.00
2026-07-02 11:51:08,81,2074.00
2026-07-02 11:51:09,81,2074.00
2026-07-02 11:51:10,81,2074.00
2026-07-02 11:51:11,81,2074.00
2026-07-02 11:51:12,81,2074.00
2026-07-02 11:51:13,81,2074.00
2026-07-02 11:51:14,81,2074.00
2026-07-02 11:51:15,81,2074.00
2026-07-02 11:51:16,81,2074.00
2026-07-02 11:51:17,81,2074.00
2026-07-02 11:51:18,81,2074.00
2026-07-02 11:51:19,82,2074.00
2026-07-02 11:51:20,82,2074.00
2026-07-02 11:51:21,82,2074.00
2026-07-02 11:51:22,82,2074.00
2026-07-02 11:51:23,82,2074.00
2026-07-02 11:51:24,82,2074.00
2026-07-02 11:51:25,82,2074.00
2026-07-02 11:51:26,82,2074.00
2026-07-02 11:51:27,82,2074.00
2026-07-02 11:51:28,82,2074.00
2026-07-02 11:51:29,82,2074.00
2026-07-02 11:51:30,82,2074.00
2026-07-02 11:51:31,82,2074.00
2026-07-02 11:51:32,82,2074.00
2026-07-02 11:51:33,82,2074.00
2026-07-02 11:51:34,82,2074.00
2026-07-02 11:51:35,82,2074.00
2026-07-02 11:51:36,82,2040.00
2026-07-02 11:51:37,82,2040.00
2026-07-02 11:51:38,82,2040.00
2026-07-02 11:51:39,82,2040.00
2026-07-02 11:51:40,82,2040.00
2026-07-02 11:51:41,82,2040.00
2026-07-02 11:51:42,82,2040.00
2026-07-02 11:51:43,82,2040.00
2026-07-02 11:51:44,82,2040.00
2026-07-02 11:51:45,82,2040.00
2026-07-02 11:51:46,82,2040.00
2026-07-02 11:51:47,82,2040.00
2026-07-02 11:51:48,82,2040.00
2026-07-02 11:51:49,82,2040.00
2026-07-02 11:51:50,82,2040.00
2026-07-02 11:51:51,82,2040.00
2026-07-02 11:51:52,82,2040.00
2026-07-02 11:51:53,82,2040.00
2026-07-02 11:51:54,82,2040.00
2026-07-02 11:51:55,82,2040.00
2026-07-02 11:51:56,82,2040.00
2026-07-02 11:51:57,82,2040.00
2026-07-02 11:51:58,82,2040.00
2026-07-02 11:51:59,82,2040.00
2026-07-02 11:52:00,82,2040.00
2026-07-02 11:52:01,82,2040.00
2026-07-02 11:52:02,82,2040.00
2026-07-02 11:52:03,82,2040.00
2026-07-02 11:52:04,82,2040.00
2026-07-02 11:52:05,82,2040.00
2026-07-02 11:52:06,82,2040.00
2026-07-02 11:52:07,82,2040.00
2026-07-02 11:52:08,82,2040.00
2026-07-02 11:52:09,82,2040.00
2026-07-02 11:52:10,82,2040.00
2026-07-02 11:52:11,82,2040.00
2026-07-02 11:52:12,82,2040.00
2026-07-02 11:52:13,82,2040.00
2026-07-02 11:52:14,82,2040.00
2026-07-02 11:52:15,82,2040.00
2026-07-02 11:52:16,82,2040.00
2026-07-02 11:52:17,82,2040.00
2026-07-02 11:52:18,82,2040.00
2026-07-02 11:52:19,82,2040.00
2026-07-02 11:52:20,82,2040.00
2026-07-02 11:52:21,82,2040.00
2026-07-02 11:52:22,82,2040.00
2026-07-02 11:52:23,82,2040.00
2026-07-02 11:52:24,82,2040.00
2026-07-02 11:52:25,82,2040.00
2026-07-02 11:52:26,82,2040.00
2026-07-02 11:52:27,82,2040.00
2026-07-02 11:52:28,82,2040.00
2026-07-02 11:52:29,83,2040.00
2026-07-02 11:52:30,83,2040.00
2026-07-02 11:52:31,83,2040.00
2026-07-02 11:52:32,83,2040.00
2026-07-02 11:52:33,83,2040.00
2026-07-02 11:52:34,83,2040.00
2026-07-02 11:52:35,83,2040.00
2026-07-02 11:52:36,83,2040.00
2026-07-02 11:52:37,83,2040.00
2026-07-02 11:52:38,83,2040.00
2026-07-02 11:52:39,83,2040.00
2026-07-02 11:52:40,83,2040.00
2026-07-02 11:52:41,83,2040.00
2026-07-02 11:52:42,83,2040.00
2026-07-02 11:52:43,83,2040.00
2026-07-02 11:52:44,83,2040.00
2026-07-02 11:52:45,83,2040.00
2026-07-02 11:52:46,83,2040.00
2026-07-02 11:52:47,83,2040.00
2026-07-02 11:52:48,83,2040.00
2026-07-02 11:52:49,83,2040.00
2026-07-02 11:52:50,83,2040.00
2026-07-02 11:52:51,83,2040.00
2026-07-02 11:52:52,83,2040.00
2026-07-02 11:52:53,83,2040.00
2026-07-02 11:52:54,83,2040.00
2026-07-02 11:52:55,83,2040.00
2026-07-02 11:52:56,83,2040.00
2026-07-02 11:52:57,83,2040.00
2026-07-02 11:52:58,83,2040.00
2026-07-02 11:52:59,83,2040.00
2026-07-02 11:53:00,83,2040.00
2026-07-02 11:53:01,83,2040.00
2026-07-02 11:53:02,83,2040.00
2026-07-02 11:53:03,83,2040.00
2026-07-02 11:53:04,83,2040.00
2026-07-02 11:53:05,83,2040.00
2026-07-02 11:53:06,83,2040.00
2026-07-02 11:53:07,83,2040.00
2026-07-02 11:53:08,83,2040.00
2026-07-02 11:53:09,83,2040.00
2026-07-02 11:53:10,83,2040.00
2026-07-02 11:53:11,83,2040.00
2026-07-02 11:53:12,83,2040.00
2026-07-02 11:53:13,83,2040.00
2026-07-02 11:53:14,83,2040.00
2026-07-02 11:53:15,83,2040.00
2026-07-02 11:53:16,83,2040.00
2026-07-02 11:53:17,83,2040.00
2026-07-02 11:53:18,83,2006.00
2026-07-02 11:53:19,83,2006.00
2026-07-02 11:53:20,83,2006.00
2026-07-02 11:53:21,83,2006.00
2026-07-02 11:53:22,83,2006.00
2026-07-02 11:53:24,83,2006.00
2026-07-02 11:53:25,83,2006.00
2026-07-02 11:53:26,83,2006.00
2026-07-02 11:53:27,83,2006.00
2026-07-02 11:53:28,83,2006.00
2026-07-02 11:53:29,83,2006.00
2026-07-02 11:53:30,83,2006.00
2026-07-02 11:53:31,83,2006.00
2026-07-02 11:53:32,83,2006.00
2026-07-02 11:53:33,83,2006.00
2026-07-02 11:53:34,83,2006.00
2026-07-02 11:53:35,83,2006.00
2026-07-02 11:53:36,83,2006.00
2026-07-02 11:53:37,83,2006.00
2026-07-02 11:53:38,83,2006.00
2026-07-02 11:53:39,83,2006.00
2026-07-02 11:53:40,84,2006.00
2026-07-02 11:53:41,84,2006.00
2026-07-02 11:53:42,84,2006.00
2026-07-02 11:53:43,84,2006.00
2026-07-02 11:53:44,84,2006.00
2026-07-02 11:53:45,84,2006.00
2026-07-02 11:53:46,84,2006.00
2026-07-02 11:53:47,84,2006.00
2026-07-02 11:53:48,84,2006.00
2026-07-02 11:53:49,84,2006.00
2026-07-02 11:53:50,84,2006.00
2026-07-02 11:53:51,84,2006.00
2026-07-02 11:53:52,84,2006.00
2026-07-02 11:53:53,84,2006.00
2026-07-02 11:53:54,84,1972.00
2026-07-02 11:53:55,84,1972.00
2026-07-02 11:53:56,84,1972.00
2026-07-02 11:53:57,84,1972.00
2026-07-02 11:53:58,84,1972.00
2026-07-02 11:53:59,84,1972.00
2026-07-02 11:54:00,84,1972.00
2026-07-02 11:54:01,84,1972.00
2026-07-02 11:54:02,84,1972.00
2026-07-02 11:54:03,84,1972.00
2026-07-02 11:54:04,84,1972.00
2026-07-02 11:54:05,84,1972.00
2026-07-02 11:54:06,84,1972.00
2026-07-02 11:54:07,84,1972.00
2026-07-02 11:54:08,84,1972.00
2026-07-02 11:54:09,84,1972.00
2026-07-02 11:54:10,84,1972.00
2026-07-02 11:54:11,84,1972.00
2026-07-02 11:54:12,84,1972.00
2026-07-02 11:54:13,84,1972.00
2026-07-02 11:54:14,84,1972.00
2026-07-02 11:54:15,84,1972.00
2026-07-02 11:54:16,84,1972.00
2026-07-02 11:54:17,84,1972.00
2026-07-02 11:54:18,84,1972.00
2026-07-02 11:54:19,84,1972.00
2026-07-02 11:54:20,84,1972.00
2026-07-02 11:54:21,84,1972.00
2026-07-02 11:54:22,84,1972.00
2026-07-02 11:54:23,84,1972.00
2026-07-02 11:54:24,84,1938.00
2026-07-02 11:54:25,84,1938.00
2026-07-02 11:54:26,84,1938.00
2026-07-02 11:54:27,84,1938.00
2026-07-02 11:54:28,84,1938.00
2026-07-02 11:54:29,84,1938.00
2026-07-02 11:54:30,84,1938.00
2026-07-02 11:54:31,84,1938.00
2026-07-02 11:54:32,84,1938.00
2026-07-02 11:54:33,84,1938.00
2026-07-02 11:54:34,84,1938.00
2026-07-02 11:54:35,84,1938.00
2026-07-02 11:54:36,84,1938.00
2026-07-02 11:54:37,84,1938.00
2026-07-02 11:54:38,84,1938.00
2026-07-02 11:54:39,84,1904.00
2026-07-02 11:54:40,84,1904.00
2026-07-02 11:54:41,84,1904.00
2026-07-02 11:54:42,84,1904.00
2026-07-02 11:54:43,84,1904.00
2026-07-02 11:54:44,84,1904.00
2026-07-02 11:54:45,84,1904.00
2026-07-02 11:54:46,84,1904.00
2026-07-02 11:54:47,84,1904.00
2026-07-02 11:54:48,84,1904.00
2026-07-02 11:54:49,84,1904.00
2026-07-02 11:54:50,84,1904.00
2026-07-02 11:54:51,84,1904.00
2026-07-02 11:54:52,84,1904.00
2026-07-02 11:54:53,85,1904.00
2026-07-02 11:54:54,85,1904.00
2026-07-02 11:54:55,85,1904.00
2026-07-02 11:54:56,85,1904.00
2026-07-02 11:54:57,85,1904.00
2026-07-02 11:54:58,85,1904.00
2026-07-02 11:54:59,85,1904.00
2026-07-02 11:55:00,85,1904.00
2026-07-02 11:55:01,85,1904.00
2026-07-02 11:55:02,85,1904.00
2026-07-02 11:55:03,85,1904.00
2026-07-02 11:55:04,85,1904.00
2026-07-02 11:55:05,85,1904.00
2026-07-02 11:55:06,85,1904.00
2026-07-02 11:55:07,85,1904.00
2026-07-02 11:55:08,85,1904.00
2026-07-02 11:55:09,85,1904.00
2026-07-02 11:55:10,85,1904.00
2026-07-02 11:55:11,85,1904.00
2026-07-02 11:55:12,85,1904.00
2026-07-02 11:55:13,85,1904.00
2026-07-02 11:55:14,85,1904.00
2026-07-02 11:55:15,85,1904.00
2026-07-02 11:55:16,85,1904.00
2026-07-02 11:55:17,85,1904.00
2026-07-02 11:55:18,85,1904.00
2026-07-02 11:55:19,85,1904.00
2026-07-02 11:55:20,85,1904.00
2026-07-02 11:55:21,85,1904.00
2026-07-02 11:55:22,85,1904.00
2026-07-02 11:55:23,85,1904.00
2026-07-02 11:55:24,85,1904.00
2026-07-02 11:55:25,85,1904.00
2026-07-02 11:55:26,85,1904.00
2026-07-02 11:55:27,85,1904.00
2026-07-02 11:55:28,85,1904.00
2026-07-02 11:55:29,85,1870.00
2026-07-02 11:55:30,85,1870.00
2026-07-02 11:55:31,85,1870.00
2026-07-02 11:55:32,85,1870.00
2026-07-02 11:55:33,85,1870.00
2026-07-02 11:55:34,85,1870.00
2026-07-02 11:55:35,85,1870.00
2026-07-02 11:55:36,85,1870.00
2026-07-02 11:55:37,85,1870.00
2026-07-02 11:55:38,85,1870.00
2026-07-02 11:55:39,85,1870.00
2026-07-02 11:55:40,85,1870.00
2026-07-02 11:55:41,85,1870.00
2026-07-02 11:55:42,85,1870.00
2026-07-02 11:55:43,85,1870.00
2026-07-02 11:55:44,85,1870.00
2026-07-02 11:55:45,85,1870.00
2026-07-02 11:55:46,85,1870.00
2026-07-02 11:55:47,85,1870.00
2026-07-02 11:55:48,85,1870.00
2026-07-02 11:55:49,85,1870.00
2026-07-02 11:55:50,85,1870.00
2026-07-02 11:55:51,85,1870.00
2026-07-02 11:55:52,85,1870.00
2026-07-02 11:55:53,85,1870.00
2026-07-02 11:55:54,85,1870.00
2026-07-02 11:55:55,85,1836.00
2026-07-02 11:55:56,85,1870.00
2026-07-02 11:55:57,85,1870.00
2026-07-02 11:55:58,85,1836.00
2026-07-02 11:55:59,85,1836.00
2026-07-02 11:56:00,85,1836.00
2026-07-02 11:56:01,85,1836.00
2026-07-02 11:56:02,85,1836.00
2026-07-02 11:56:03,85,1836.00
2026-07-02 11:56:04,85,1836.00
2026-07-02 11:56:05,85,1836.00
2026-07-02 11:56:06,85,1836.00
2026-07-02 11:56:07,85,1836.00
2026-07-02 11:56:08,85,1836.00
2026-07-02 11:56:09,85,1836.00
2026-07-02 11:56:10,86,1836.00
2026-07-02 11:56:11,86,1836.00
2026-07-02 11:56:12,86,1836.00
2026-07-02 11:56:13,86,1836.00
2026-07-02 11:56:14,86,1836.00
2026-07-02 11:56:15,86,1836.00
2026-07-02 11:56:16,86,1836.00
2026-07-02 11:56:17,86,1836.00
2026-07-02 11:56:18,86,1836.00
2026-07-02 11:56:19,86,1836.00
2026-07-02 11:56:20,86,1836.00
2026-07-02 11:56:21,86,1836.00
2026-07-02 11:56:22,86,1836.00
2026-07-02 11:56:23,86,1836.00
2026-07-02 11:56:24,86,1836.00
2026-07-02 11:56:25,86,1836.00
2026-07-02 11:56:26,86,1836.00
2026-07-02 11:56:27,86,1836.00
2026-07-02 11:56:28,86,1836.00
2026-07-02 11:56:29,86,1836.00
2026-07-02 11:56:30,86,1836.00
2026-07-02 11:56:31,86,1836.00
2026-07-02 11:56:32,86,1836.00
2026-07-02 11:56:33,86,1836.00
2026-07-02 11:56:34,86,1802.00
2026-07-02 11:56:35,86,1802.00
2026-07-02 11:56:36,86,1802.00
2026-07-02 11:56:37,86,1802.00
2026-07-02 11:56:38,86,1802.00
2026-07-02 11:56:39,86,1802.00
2026-07-02 11:56:40,86,1802.00
2026-07-02 11:56:41,86,1802.00
2026-07-02 11:56:42,86,1802.00
2026-07-02 11:56:43,86,1802.00
2026-07-02 11:56:44,86,1802.00
2026-07-02 11:56:45,86,1802.00
2026-07-02 11:56:46,86,1802.00
2026-07-02 11:56:47,86,1836.00
2026-07-02 11:56:48,86,1802.00
2026-07-02 11:56:49,86,1802.00
2026-07-02 11:56:50,86,1802.00
2026-07-02 11:56:51,86,1802.00
2026-07-02 11:56:52,86,1802.00
2026-07-02 11:56:53,86,1802.00
2026-07-02 11:56:54,86,1802.00
2026-07-02 11:56:55,86,1802.00
2026-07-02 11:56:56,86,1802.00
2026-07-02 11:56:57,86,1802.00
2026-07-02 11:56:58,86,1802.00
2026-07-02 11:56:59,86,1802.00
2026-07-02 11:57:00,86,1802.00
2026-07-02 11:57:01,86,1802.00
2026-07-02 11:57:02,86,1802.00
2026-07-02 11:57:03,86,1802.00
2026-07-02 11:57:04,86,1802.00
2026-07-02 11:57:05,86,1802.00
2026-07-02 11:57:06,86,1802.00
2026-07-02 11:57:07,86,1802.00
2026-07-02 11:57:08,86,1802.00
2026-07-02 11:57:09,86,1802.00
2026-07-02 11:57:10,86,1768.00
2026-07-02 11:57:11,86,1802.00
2026-07-02 11:57:12,86,1768.00
2026-07-02 11:57:13,86,1768.00
2026-07-02 11:57:14,86,1768.00
2026-07-02 11:57:15,86,1802.00
2026-07-02 11:57:16,86,1768.00
2026-07-02 11:57:17,86,1802.00
2026-07-02 11:57:18,86,1768.00
2026-07-02 11:57:19,86,1768.00
2026-07-02 11:57:20,86,1768.00
2026-07-02 11:57:21,86,1768.00
2026-07-02 11:57:22,86,1802.00
2026-07-02 11:57:23,86,1768.00
2026-07-02 11:57:24,86,1768.00
2026-07-02 11:57:25,86,1768.00
2026-07-02 11:57:26,86,1768.00
2026-07-02 11:57:27,86,1768.00
2026-07-02 11:57:28,86,1768.00
2026-07-02 11:57:29,87,1768.00
2026-07-02 11:57:30,87,1768.00
2026-07-02 11:57:31,87,1768.00
2026-07-02 11:57:32,87,1802.00
2026-07-02 11:57:33,87,1768.00
2026-07-02 11:57:34,87,1768.00
2026-07-02 11:57:35,87,1768.00
2026-07-02 11:57:36,87,1768.00
2026-07-02 11:57:37,87,1768.00
2026-07-02 11:57:38,87,1768.00
2026-07-02 11:57:39,87,1768.00
2026-07-02 11:57:40,87,1768.00
2026-07-02 11:57:41,87,1768.00
2026-07-02 11:57:42,87,1768.00
2026-07-02 11:57:43,87,1768.00
2026-07-02 11:57:44,87,1768.00
2026-07-02 11:57:45,87,1768.00
2026-07-02 11:57:46,87,1768.00
2026-07-02 11:57:47,87,1734.00
2026-07-02 11:57:48,87,1768.00
2026-07-02 11:57:49,87,1734.00
2026-07-02 11:57:50,87,1768.00
2026-07-02 11:57:51,87,1768.00
2026-07-02 11:57:52,87,1768.00
2026-07-02 11:57:53,87,1768.00
2026-07-02 11:57:54,87,1734.00
2026-07-02 11:57:55,87,1734.00
2026-07-02 11:57:56,87,1734.00
2026-07-02 11:57:57,87,1734.00
2026-07-02 11:57:58,87,1768.00
2026-07-02 11:57:59,87,1768.00
2026-07-02 11:58:00,87,1768.00
2026-07-02 11:58:01,87,1734.00
2026-07-02 11:58:02,87,1734.00
2026-07-02 11:58:03,87,1734.00
2026-07-02 11:58:04,87,1768.00
2026-07-02 11:58:05,87,1768.00
2026-07-02 11:58:06,87,1734.00
2026-07-02 11:58:07,87,1768.00
2026-07-02 11:58:08,87,1734.00
2026-07-02 11:58:09,87,1734.00
2026-07-02 11:58:10,87,1768.00
2026-07-02 11:58:11,87,1700.00
2026-07-02 11:58:12,87,1734.00
2026-07-02 11:58:13,87,1768.00
2026-07-02 11:58:14,87,1768.00
2026-07-02 11:58:15,87,1768.00
2026-07-02 11:58:16,87,1734.00
2026-07-02 11:58:17,87,1768.00
2026-07-02 11:58:18,87,1734.00
2026-07-02 11:58:19,87,1734.00
2026-07-02 11:58:20,87,1734.00
2026-07-02 11:58:21,87,1734.00
2026-07-02 11:58:22,87,1734.00
2026-07-02 11:58:23,87,1734.00
2026-07-02 11:58:24,87,1768.00
2026-07-02 11:58:25,87,1768.00
2026-07-02 11:58:26,87,1734.00
2026-07-02 11:58:27,87,1734.00
2026-07-02 11:58:28,87,1734.00
2026-07-02 11:58:29,87,1768.00
2026-07-02 11:58:30,87,1768.00
2026-07-02 11:58:31,87,1734.00
2026-07-02 11:58:32,87,1700.00
2026-07-02 11:58:33,87,1768.00
2026-07-02 11:58:34,87,1768.00
2026-07-02 11:58:35,87,1768.00
2026-07-02 11:58:36,87,1734.00
2026-07-02 11:58:37,87,1700.00
2026-07-02 11:58:38,87,1768.00
2026-07-02 11:58:39,87,1768.00
2026-07-02 11:58:40,87,1768.00
2026-07-02 11:58:41,87,1734.00
2026-07-02 11:58:42,87,1734.00
2026-07-02 11:58:43,87,1768.00
2026-07-02 11:58:44,87,1734.00
2026-07-02 11:58:45,87,1734.00
2026-07-02 11:58:46,87,1734.00
2026-07-02 11:58:47,87,1734.00
2026-07-02 11:58:48,87,1768.00
2026-07-02 11:58:49,87,1768.00
2026-07-02 11:58:50,87,1768.00
2026-07-02 11:58:51,88,1700.00
2026-07-02 11:58:52,88,1700.00
2026-07-02 11:58:53,88,1734.00
2026-07-02 11:58:54,88,1734.00
2026-07-02 11:58:55,88,1700.00
2026-07-02 11:58:56,88,1768.00
2026-07-02 11:58:57,88,1734.00
2026-07-02 11:58:58,88,1734.00
2026-07-02 11:58:59,88,1734.00
2026-07-02 11:59:00,88,1768.00
2026-07-02 11:59:01,88,1768.00
2026-07-02 11:59:02,88,1768.00
2026-07-02 11:59:03,88,1734.00
2026-07-02 11:59:04,88,1768.00
2026-07-02 11:59:05,88,1768.00
2026-07-02 11:59:06,88,1802.00
2026-07-02 11:59:07,88,1734.00
2026-07-02 11:59:08,88,1734.00
2026-07-02 11:59:09,88,1734.00
2026-07-02 11:59:10,88,1802.00
2026-07-02 11:59:11,88,1734.00
2026-07-02 11:59:12,88,1734.00
2026-07-02 11:59:13,88,1768.00
2026-07-02 11:59:14,88,1802.00
2026-07-02 11:59:15,88,1768.00
2026-07-02 11:59:16,88,1768.00
2026-07-02 11:59:17,88,1802.00
2026-07-02 11:59:18,88,1768.00
2026-07-02 11:59:19,88,1768.00
2026-07-02 11:59:20,88,1734.00
2026-07-02 11:59:21,88,1734.00
2026-07-02 11:59:22,88,1768.00
2026-07-02 11:59:23,88,1768.00
2026-07-02 11:59:24,88,1768.00
2026-07-02 11:59:25,88,1836.00
2026-07-02 11:59:26,88,1768.00
2026-07-02 11:59:27,88,1836.00
2026-07-02 11:59:28,88,1836.00
2026-07-02 11:59:29,88,1734.00
2026-07-02 11:59:30,88,1734.00
2026-07-02 11:59:31,88,1734.00
2026-07-02 11:59:32,88,1836.00
2026-07-02 11:59:33,88,1802.00
2026-07-02 11:59:34,88,1734.00
2026-07-02 11:59:35,88,1836.00
2026-07-02 11:59:36,88,1836.00
2026-07-02 11:59:37,88,1802.00
2026-07-02 11:59:38,88,1836.00
2026-07-02 11:59:39,88,1734.00
2026-07-02 11:59:40,88,1802.00
2026-07-02 11:59:41,88,1836.00
2026-07-02 11:59:42,88,1734.00
2026-07-02 11:59:43,88,1802.00
2026-07-02 11:59:44,88,1836.00
2026-07-02 11:59:45,88,1768.00
2026-07-02 11:59:46,88,1802.00
2026-07-02 11:59:47,88,1734.00
2026-07-02 11:59:48,88,1870.00
2026-07-02 11:59:49,88,1802.00
2026-07-02 11:59:50,88,1802.00
2026-07-02 11:59:51,88,1734.00
2026-07-02 11:59:52,88,1768.00
2026-07-02 11:59:53,88,1836.00
2026-07-02 11:59:54,88,1734.00
2026-07-02 11:59:55,88,1768.00
2026-07-02 11:59:56,88,1768.00
2026-07-02 11:59:57,88,1802.00
2026-07-02 11:59:58,88,1836.00
2026-07-02 11:59:59,88,1836.00
2026-07-02 12:00:00,88,1802.00
2026-07-02 12:00:01,88,1734.00
2026-07-02 12:00:02,88,1802.00
2026-07-02 12:00:03,88,1700.00
2026-07-02 12:00:04,88,1768.00
2026-07-02 12:00:05,88,1768.00
2026-07-02 12:00:06,88,1734.00
2026-07-02 12:00:07,88,1836.00
2026-07-02 12:00:08,88,1836.00
2026-07-02 12:00:09,88,1768.00
2026-07-02 12:00:10,88,1734.00
2026-07-02 12:00:11,89,1836.00
2026-07-02 12:00:12,89,1802.00
2026-07-02 12:00:13,89,1870.00
2026-07-02 12:00:14,89,1802.00
2026-07-02 12:00:15,89,1802.00
2026-07-02 12:00:16,89,1734.00
2026-07-02 12:00:17,89,1802.00
2026-07-02 12:00:18,89,1802.00
2026-07-02 12:00:19,89,1700.00
2026-07-02 12:00:20,89,1802.00
2026-07-02 12:00:21,89,1768.00
2026-07-02 12:00:22,89,1836.00
2026-07-02 12:00:23,89,1870.00
2026-07-02 12:00:24,89,1836.00
2026-07-02 12:00:25,89,1836.00
2026-07-02 12:00:26,89,1836.00
2026-07-02 12:00:27,89,1836.00
2026-07-02 12:00:28,89,1938.00
2026-07-02 12:00:29,89,1870.00
2026-07-02 12:00:30,89,1904.00
2026-07-02 12:00:31,89,1836.00
2026-07-02 12:00:32,89,1870.00
2026-07-02 12:00:33,89,1904.00
2026-07-02 12:00:34,89,1938.00
2026-07-02 12:00:35,89,1870.00
2026-07-02 12:00:36,89,1904.00
2026-07-02 12:00:37,89,1938.00
2026-07-02 12:00:38,89,1870.00
2026-07-02 12:00:39,89,1938.00
2026-07-02 12:00:40,89,1904.00
2026-07-02 12:00:41,89,1870.00
2026-07-02 12:00:42,89,1904.00
2026-07-02 12:00:43,89,1904.00
2026-07-02 12:00:44,89,1904.00
2026-07-02 12:00:45,89,1904.00
2026-07-02 12:00:46,89,1904.00
2026-07-02 12:00:47,89,1904.00
2026-07-02 12:00:48,89,1904.00
2026-07-02 12:00:49,89,1904.00
2026-07-02 12:00:50,89,1904.00
2026-07-02 12:00:51,89,1904.00
2026-07-02 12:00:52,89,1904.00
2026-07-02 12:00:53,89,1904.00
2026-07-02 12:00:54,89,1904.00
2026-07-02 12:00:55,89,1904.00
2026-07-02 12:00:56,89,1904.00
2026-07-02 12:00:57,89,1904.00
2026-07-02 12:00:58,89,1904.00
2026-07-02 12:00:59,89,1904.00
2026-07-02 12:01:00,89,1904.00
2026-07-02 12:01:01,89,1904.00
2026-07-02 12:01:02,89,1904.00
2026-07-02 12:01:03,89,1904.00
2026-07-02 12:01:04,89,1904.00
2026-07-02 12:01:05,89,1870.00
2026-07-02 12:01:06,89,1870.00
2026-07-02 12:01:07,89,1904.00
2026-07-02 12:01:08,89,1904.00
2026-07-02 12:01:09,89,1904.00
2026-07-02 12:01:10,89,1904.00
2026-07-02 12:01:11,89,1904.00
2026-07-02 12:01:12,89,1904.00
2026-07-02 12:01:13,89,1904.00
2026-07-02 12:01:14,89,1904.00
2026-07-02 12:01:15,89,1904.00
2026-07-02 12:01:16,89,1904.00
2026-07-02 12:01:17,89,1904.00
2026-07-02 12:01:18,89,1904.00
2026-07-02 12:01:19,89,1904.00
2026-07-02 12:01:20,89,1904.00
2026-07-02 12:01:21,89,1904.00
2026-07-02 12:01:22,89,1904.00
2026-07-02 12:01:23,89,1904.00
2026-07-02 12:01:24,89,1904.00
2026-07-02 12:01:25,89,1904.00
2026-07-02 12:01:26,89,1904.00
2026-07-02 12:01:27,89,1904.00
2026-07-02 12:01:28,90,1904.00
2026-07-02 12:01:29,90,1904.00
2026-07-02 12:01:30,90,1904.00
2026-07-02 12:01:31,90,1904.00
2026-07-02 12:01:32,90,1836.00
2026-07-02 12:01:33,90,1836.00
2026-07-02 12:01:34,90,1836.00
2026-07-02 12:01:35,90,1836.00
2026-07-02 12:01:36,90,1836.00
2026-07-02 12:01:37,90,1836.00
2026-07-02 12:01:38,90,1836.00
2026-07-02 12:01:39,90,1836.00
2026-07-02 12:01:40,90,1836.00
2026-07-02 12:01:41,90,1836.00
2026-07-02 12:01:42,90,1836.00
2026-07-02 12:01:43,90,1836.00
2026-07-02 12:01:44,90,1836.00
2026-07-02 12:01:45,90,1836.00
2026-07-02 12:01:46,90,1836.00
2026-07-02 12:01:47,90,1836.00
2026-07-02 12:01:48,90,1836.00
2026-07-02 12:01:49,90,1836.00
2026-07-02 12:01:50,90,1836.00
2026-07-02 12:01:51,90,1836.00
2026-07-02 12:01:52,90,1836.00
2026-07-02 12:01:53,90,1836.00
2026-07-02 12:01:54,90,1836.00
2026-07-02 12:01:55,90,1836.00
2026-07-02 12:01:56,90,1836.00
2026-07-02 12:01:57,90,1836.00
2026-07-02 12:01:58,90,1836.00
2026-07-02 12:01:59,90,1836.00
2026-07-02 12:02:00,90,1836.00
2026-07-02 12:02:01,90,1836.00
2026-07-02 12:02:02,90,1836.00
2026-07-02 12:02:03,90,1836.00
2026-07-02 12:02:04,90,1836.00
2026-07-02 12:02:05,90,1836.00
2026-07-02 12:02:06,90,1836.00
2026-07-02 12:02:07,90,1836.00
2026-07-02 12:02:08,90,1836.00
2026-07-02 12:02:09,90,1836.00
2026-07-02 12:02:10,90,1836.00
2026-07-02 12:02:11,90,1836.00
2026-07-02 12:02:12,90,1836.00
2026-07-02 12:02:13,90,1836.00
2026-07-02 12:02:14,90,1836.00
2026-07-02 12:02:15,90,1836.00
2026-07-02 12:02:16,90,1836.00
2026-07-02 12:02:17,90,1836.00
2026-07-02 12:02:18,90,1836.00
2026-07-02 12:02:19,90,1836.00
2026-07-02 12:02:20,90,1836.00
2026-07-02 12:02:21,90,1836.00
2026-07-02 12:02:22,90,1836.00
2026-07-02 12:02:23,90,1836.00
2026-07-02 12:02:24,90,1836.00
2026-07-02 12:02:25,90,1836.00
2026-07-02 12:02:26,90,1836.00
2026-07-02 12:02:27,90,1836.00
2026-07-02 12:02:28,90,1836.00
2026-07-02 12:02:29,90,1836.00
2026-07-02 12:02:30,90,1836.00
2026-07-02 12:02:31,90,1836.00
2026-07-02 12:02:32,90,1836.00
2026-07-02 12:02:33,90,1836.00
2026-07-02 12:02:34,90,1836.00
2026-07-02 12:02:35,90,1836.00
2026-07-02 12:02:36,90,1836.00
2026-07-02 12:02:37,90,1802.00
2026-07-02 12:02:38,90,1802.00
2026-07-02 12:02:39,90,1802.00
2026-07-02 12:02:40,90,1802.00
2026-07-02 12:02:41,90,1802.00
2026-07-02 12:02:42,90,1802.00
2026-07-02 12:02:43,90,1802.00
2026-07-02 12:02:44,90,1802.00
2026-07-02 12:02:45,90,1802.00
2026-07-02 12:02:46,91,1802.00
2026-07-02 12:02:47,91,1802.00
2026-07-02 12:02:48,91,1802.00
2026-07-02 12:02:49,91,1802.00
2026-07-02 12:02:50,91,1802.00
2026-07-02 12:02:51,91,1802.00
2026-07-02 12:02:52,91,1802.00
2026-07-02 12:02:53,91,1802.00
2026-07-02 12:02:54,91,1802.00
2026-07-02 12:02:55,91,1802.00
2026-07-02 12:02:56,91,1802.00
2026-07-02 12:02:57,91,1802.00
2026-07-02 12:02:58,91,1802.00
2026-07-02 12:02:59,91,1802.00
2026-07-02 12:03:00,91,1802.00
2026-07-02 12:03:01,91,1802.00
2026-07-02 12:03:02,91,1802.00
2026-07-02 12:03:03,91,1802.00
2026-07-02 12:03:04,91,1802.00
2026-07-02 12:03:05,91,1802.00
2026-07-02 12:03:06,91,1802.00
2026-07-02 12:03:07,91,1802.00
2026-07-02 12:03:08,91,1802.00
2026-07-02 12:03:09,91,1802.00
2026-07-02 12:03:10,91,1802.00
2026-07-02 12:03:11,91,1802.00
2026-07-02 12:03:12,91,1802.00
2026-07-02 12:03:13,91,1802.00
2026-07-02 12:03:14,91,1768.00
2026-07-02 12:03:15,91,1768.00
2026-07-02 12:03:16,91,1768.00
2026-07-02 12:03:17,91,1768.00
2026-07-02 12:03:18,91,1768.00
2026-07-02 12:03:19,91,1768.00
2026-07-02 12:03:20,91,1768.00
2026-07-02 12:03:21,91,1768.00
2026-07-02 12:03:22,91,1768.00
2026-07-02 12:03:23,91,1768.00
2026-07-02 12:03:24,91,1768.00
2026-07-02 12:03:25,91,1768.00
2026-07-02 12:03:26,91,1768.00
2026-07-02 12:03:27,91,1768.00
2026-07-02 12:03:28,91,1768.00
2026-07-02 12:03:29,91,1768.00
2026-07-02 12:03:30,91,1768.00
2026-07-02 12:03:31,91,1768.00
2026-07-02 12:03:32,91,1768.00
2026-07-02 12:03:33,91,1768.00
2026-07-02 12:03:34,91,1768.00
2026-07-02 12:03:35,91,1768.00
2026-07-02 12:03:36,91,1768.00
2026-07-02 12:03:37,91,1768.00
2026-07-02 12:03:38,91,1768.00
2026-07-02 12:03:39,91,1768.00
2026-07-02 12:03:40,91,1734.00
2026-07-02 12:03:41,91,1734.00
2026-07-02 12:03:42,91,1734.00
2026-07-02 12:03:43,91,1734.00
2026-07-02 12:03:44,91,1734.00
2026-07-02 12:03:45,91,1734.00
2026-07-02 12:03:46,91,1734.00
2026-07-02 12:03:47,91,1734.00
2026-07-02 12:03:48,91,1734.00
2026-07-02 12:03:49,91,1734.00
2026-07-02 12:03:50,91,1734.00
2026-07-02 12:03:51,91,1734.00
2026-07-02 12:03:52,91,1734.00
2026-07-02 12:03:53,91,1734.00
2026-07-02 12:03:54,91,1734.00
2026-07-02 12:03:55,91,1734.00
2026-07-02 12:03:56,91,1734.00
2026-07-02 12:03:57,91,1734.00
2026-07-02 12:03:58,91,1734.00
2026-07-02 12:03:59,91,1734.00
2026-07-02 12:04:00,91,1734.00
2026-07-02 12:04:01,91,1734.00
2026-07-02 12:04:02,91,1734.00
2026-07-02 12:04:03,91,1734.00
2026-07-02 12:04:04,91,1734.00
2026-07-02 12:04:05,91,1734.00
2026-07-02 12:04:06,91,1734.00
2026-07-02 12:04:07,92,1734.00
2026-07-02 12:04:08,92,1734.00
2026-07-02 12:04:09,92,1734.00
2026-07-02 12:04:10,92,1734.00
2026-07-02 12:04:11,92,1734.00
2026-07-02 12:04:12,92,1734.00
2026-07-02 12:04:13,92,1734.00
2026-07-02 12:04:14,92,1734.00
2026-07-02 12:04:15,92,1734.00
2026-07-02 12:04:16,92,1734.00
2026-07-02 12:04:17,92,1700.00
2026-07-02 12:04:18,92,1700.00
2026-07-02 12:04:19,92,1700.00
2026-07-02 12:04:20,92,1700.00
2026-07-02 12:04:21,92,1700.00
2026-07-02 12:04:22,92,1700.00
2026-07-02 12:04:23,92,1700.00
2026-07-02 12:04:24,92,1700.00
2026-07-02 12:04:25,92,1700.00
2026-07-02 12:04:26,92,1700.00
2026-07-02 12:04:27,92,1700.00
2026-07-02 12:04:28,92,1700.00
2026-07-02 12:04:29,92,1700.00
2026-07-02 12:04:30,92,1700.00
2026-07-02 12:04:31,92,1700.00
2026-07-02 12:04:32,92,1700.00
2026-07-02 12:04:33,92,1700.00
2026-07-02 12:04:34,92,1700.00
2026-07-02 12:04:35,92,1700.00
2026-07-02 12:04:36,92,1700.00
2026-07-02 12:04:37,92,1700.00
2026-07-02 12:04:38,92,1700.00
2026-07-02 12:04:39,92,1700.00
2026-07-02 12:04:40,92,1700.00
2026-07-02 12:04:41,92,1666.00
2026-07-02 12:04:42,92,1666.00
2026-07-02 12:04:43,92,1666.00
2026-07-02 12:04:44,92,1666.00
2026-07-02 12:04:45,92,1666.00
2026-07-02 12:04:46,92,1666.00
2026-07-02 12:04:47,92,1666.00
2026-07-02 12:04:48,92,1666.00
2026-07-02 12:04:49,92,1666.00
2026-07-02 12:04:50,92,1666.00
2026-07-02 12:04:51,92,1666.00
2026-07-02 12:04:52,92,1666.00
2026-07-02 12:04:53,92,1666.00
2026-07-02 12:04:54,92,1666.00
2026-07-02 12:04:55,92,1666.00
2026-07-02 12:04:56,92,1666.00
2026-07-02 12:04:57,92,1666.00
2026-07-02 12:04:58,92,1666.00
2026-07-02 12:04:59,92,1666.00
2026-07-02 12:05:00,92,1666.00
2026-07-02 12:05:01,92,1666.00
2026-07-02 12:05:02,92,1666.00
2026-07-02 12:05:03,92,1666.00
2026-07-02 12:05:04,92,1666.00
2026-07-02 12:05:05,92,1666.00
2026-07-02 12:05:06,92,1666.00
2026-07-02 12:05:07,92,1666.00
2026-07-02 12:05:08,92,1632.00
2026-07-02 12:05:09,92,1632.00
2026-07-02 12:05:10,92,1632.00
2026-07-02 12:05:11,92,1632.00
2026-07-02 12:05:12,92,1632.00
2026-07-02 12:05:13,92,1632.00
2026-07-02 12:05:14,92,1632.00
2026-07-02 12:05:15,92,1632.00
2026-07-02 12:05:16,92,1632.00
2026-07-02 12:05:17,92,1632.00
2026-07-02 12:05:18,92,1632.00
2026-07-02 12:05:19,92,1632.00
2026-07-02 12:05:20,92,1632.00
2026-07-02 12:05:21,92,1632.00
2026-07-02 12:05:22,92,1632.00
2026-07-02 12:05:23,92,1632.00
2026-07-02 12:05:24,92,1632.00
2026-07-02 12:05:25,92,1632.00
2026-07-02 12:05:26,92,1632.00
2026-07-02 12:05:27,92,1632.00
2026-07-02 12:05:28,92,1632.00
2026-07-02 12:05:29,92,1632.00
2026-07-02 12:05:30,92,1632.00
2026-07-02 12:05:31,92,1632.00
2026-07-02 12:05:32,93,1632.00
2026-07-02 12:05:33,93,1632.00
2026-07-02 12:05:34,93,1632.00
2026-07-02 12:05:35,93,1632.00
2026-07-02 12:05:36,93,1632.00
2026-07-02 12:05:37,93,1632.00
2026-07-02 12:05:38,93,1632.00
2026-07-02 12:05:39,93,1632.00
2026-07-02 12:05:40,93,1632.00
2026-07-02 12:05:41,93,1632.00
2026-07-02 12:05:42,93,1632.00
2026-07-02 12:05:43,93,1632.00
2026-07-02 12:05:44,93,1632.00
2026-07-02 12:05:45,93,1632.00
2026-07-02 12:05:46,93,1632.00
2026-07-02 12:05:47,93,1632.00
2026-07-02 12:05:48,93,1632.00
2026-07-02 12:05:49,93,1632.00
2026-07-02 12:05:50,93,1632.00
2026-07-02 12:05:51,93,1632.00
2026-07-02 12:05:52,93,1632.00
2026-07-02 12:05:53,93,1632.00
2026-07-02 12:05:54,93,1632.00
2026-07-02 12:05:55,93,1632.00
2026-07-02 12:05:56,93,1632.00
2026-07-02 12:05:57,93,1598.00
2026-07-02 12:05:58,93,1598.00
2026-07-02 12:05:59,93,1598.00
2026-07-02 12:06:00,93,1598.00
2026-07-02 12:06:01,93,1598.00
2026-07-02 12:06:02,93,1598.00
2026-07-02 12:06:03,93,1598.00
2026-07-02 12:06:04,93,1598.00
2026-07-02 12:06:05,93,1598.00
2026-07-02 12:06:06,93,1598.00
2026-07-02 12:06:07,93,1598.00
2026-07-02 12:06:08,93,1598.00
2026-07-02 12:06:09,93,1598.00
2026-07-02 12:06:10,93,1598.00
2026-07-02 12:06:11,93,1598.00
2026-07-02 12:06:12,93,1598.00
2026-07-02 12:06:13,93,1598.00
2026-07-02 12:06:14,93,1598.00
2026-07-02 12:06:15,93,1598.00
2026-07-02 12:06:16,93,1598.00
2026-07-02 12:06:17,93,1598.00
2026-07-02 12:06:19,93,1598.00
2026-07-02 12:06:20,93,1598.00
2026-07-02 12:06:21,93,1598.00
2026-07-02 12:06:22,93,1598.00
2026-07-02 12:06:23,93,1598.00
2026-07-02 12:06:24,93,1598.00
2026-07-02 12:06:25,93,1598.00
2026-07-02 12:06:26,93,1598.00
2026-07-02 12:06:27,93,1598.00
2026-07-02 12:06:28,93,1598.00
2026-07-02 12:06:29,93,1598.00
2026-07-02 12:06:30,93,1598.00
2026-07-02 12:06:31,93,1598.00
2026-07-02 12:06:32,93,1598.00
2026-07-02 12:06:33,93,1564.00
2026-07-02 12:06:34,93,1564.00
2026-07-02 12:06:35,93,1564.00
2026-07-02 12:06:36,93,1564.00
2026-07-02 12:06:37,93,1564.00
2026-07-02 12:06:38,93,1564.00
2026-07-02 12:06:39,93,1564.00
2026-07-02 12:06:40,93,1564.00
2026-07-02 12:06:41,93,1564.00
2026-07-02 12:06:42,93,1564.00
2026-07-02 12:06:43,93,1564.00
2026-07-02 12:06:44,93,1564.00
2026-07-02 12:06:45,93,1564.00
2026-07-02 12:06:46,93,1564.00
2026-07-02 12:06:47,93,1564.00
2026-07-02 12:06:48,93,1564.00
2026-07-02 12:06:49,93,1564.00
2026-07-02 12:06:50,93,1564.00
2026-07-02 12:06:51,93,1564.00
2026-07-02 12:06:52,93,1564.00
2026-07-02 12:06:53,93,1564.00
2026-07-02 12:06:54,93,1564.00
2026-07-02 12:06:55,93,1564.00
2026-07-02 12:06:56,93,1564.00
2026-07-02 12:06:57,93,1564.00
2026-07-02 12:06:58,93,1564.00
2026-07-02 12:06:59,93,1564.00
2026-07-02 12:07:00,93,1564.00
2026-07-02 12:07:01,93,1564.00
2026-07-02 12:07:02,93,1564.00
2026-07-02 12:07:03,94,1564.00
2026-07-02 12:07:04,94,1564.00
2026-07-02 12:07:05,94,1564.00
2026-07-02 12:07:06,94,1564.00
2026-07-02 12:07:07,94,1564.00
2026-07-02 12:07:08,94,1564.00
2026-07-02 12:07:09,94,1564.00
2026-07-02 12:07:10,94,1564.00
2026-07-02 12:07:11,94,1564.00
2026-07-02 12:07:12,94,1564.00
2026-07-02 12:07:13,94,1530.00
2026-07-02 12:07:14,94,1530.00
2026-07-02 12:07:15,94,1530.00
2026-07-02 12:07:16,94,1462.00
2026-07-02 12:07:17,94,1496.00
2026-07-02 12:07:18,94,1496.00
2026-07-02 12:07:19,94,1496.00
2026-07-02 12:07:20,94,1496.00
2026-07-02 12:07:21,94,1496.00
2026-07-02 12:07:22,94,1496.00
2026-07-02 12:07:23,94,1496.00
2026-07-02 12:07:24,94,1496.00
2026-07-02 12:07:25,94,1496.00
2026-07-02 12:07:26,94,1496.00
2026-07-02 12:07:27,94,1496.00
2026-07-02 12:07:28,94,1496.00
2026-07-02 12:07:29,94,1496.00
2026-07-02 12:07:30,94,1496.00
2026-07-02 12:07:31,94,1496.00
2026-07-02 12:07:32,94,1496.00
2026-07-02 12:07:33,94,1496.00
2026-07-02 12:07:34,94,1496.00
2026-07-02 12:07:35,94,1496.00
2026-07-02 12:07:36,94,1496.00
2026-07-02 12:07:37,94,1496.00
2026-07-02 12:07:38,94,1496.00
2026-07-02 12:07:39,94,1496.00
2026-07-02 12:07:40,94,1496.00
2026-07-02 12:07:41,94,1496.00
2026-07-02 12:07:42,94,1496.00
2026-07-02 12:07:43,94,1496.00
2026-07-02 12:07:44,94,1496.00
2026-07-02 12:07:45,94,1496.00
2026-07-02 12:07:46,94,1496.00
2026-07-02 12:07:47,94,1496.00
2026-07-02 12:07:48,94,1496.00
2026-07-02 12:07:49,94,1496.00
2026-07-02 12:07:50,94,1496.00
2026-07-02 12:07:51,94,1496.00
2026-07-02 12:07:52,94,1496.00
2026-07-02 12:07:53,94,1496.00
2026-07-02 12:07:54,94,1496.00
2026-07-02 12:07:55,94,1496.00
2026-07-02 12:07:56,94,1496.00
2026-07-02 12:07:57,94,1496.00
2026-07-02 12:07:58,94,1496.00
2026-07-02 12:07:59,94,1496.00
2026-07-02 12:08:00,94,1496.00
2026-07-02 12:08:01,94,1496.00
2026-07-02 12:08:02,94,1496.00
2026-07-02 12:08:03,94,1496.00
2026-07-02 12:08:04,94,1496.00
2026-07-02 12:08:05,94,1496.00
2026-07-02 12:08:06,94,1496.00
2026-07-02 12:08:07,94,1496.00
2026-07-02 12:08:08,94,1496.00
2026-07-02 12:08:09,94,1496.00
2026-07-02 12:08:10,94,1496.00
2026-07-02 12:08:11,94,1496.00
2026-07-02 12:08:12,94,1496.00
2026-07-02 12:08:13,94,1496.00
2026-07-02 12:08:14,94,1496.00
2026-07-02 12:08:15,94,1496.00
2026-07-02 12:08:16,94,1462.00
2026-07-02 12:08:17,94,1462.00
2026-07-02 12:08:18,94,1462.00
2026-07-02 12:08:19,94,1462.00
2026-07-02 12:08:20,94,1462.00
2026-07-02 12:08:21,94,1462.00
2026-07-02 12:08:22,94,1462.00
2026-07-02 12:08:23,94,1462.00
2026-07-02 12:08:24,94,1462.00
2026-07-02 12:08:25,94,1462.00
2026-07-02 12:08:26,94,1462.00
2026-07-02 12:08:27,94,1462.00
2026-07-02 12:08:28,94,1462.00
2026-07-02 12:08:29,94,1462.00
2026-07-02 12:08:30,94,1462.00
2026-07-02 12:08:31,94,1462.00
2026-07-02 12:08:32,94,1462.00
2026-07-02 12:08:33,94,1462.00
2026-07-02 12:08:34,94,1462.00
2026-07-02 12:08:35,94,1462.00
2026-07-02 12:08:36,94,1462.00
2026-07-02 12:08:37,94,1462.00
2026-07-02 12:08:38,94,1462.00
2026-07-02 12:08:39,95,1462.00
2026-07-02 12:08:40,95,1462.00
2026-07-02 12:08:41,95,1462.00
2026-07-02 12:08:42,95,1428.00
2026-07-02 12:08:43,95,1428.00
2026-07-02 12:08:44,95,1428.00
2026-07-02 12:08:45,95,1428.00
2026-07-02 12:08:46,95,1428.00
2026-07-02 12:08:47,95,1428.00
2026-07-02 12:08:48,95,1428.00
2026-07-02 12:08:49,95,1428.00
2026-07-02 12:08:50,95,1428.00
2026-07-02 12:08:51,95,1428.00
2026-07-02 12:08:52,95,1428.00
2026-07-02 12:08:53,95,1428.00
2026-07-02 12:08:54,95,1428.00
2026-07-02 12:08:55,95,1428.00
2026-07-02 12:08:56,95,1428.00
2026-07-02 12:08:57,95,1428.00
2026-07-02 12:08:58,95,1428.00
2026-07-02 12:08:59,95,1428.00
2026-07-02 12:09:00,95,1428.00
2026-07-02 12:09:01,95,1428.00
2026-07-02 12:09:02,95,1428.00
2026-07-02 12:09:03,95,1428.00
2026-07-02 12:09:04,95,1428.00
2026-07-02 12:09:05,95,1428.00
2026-07-02 12:09:06,95,1428.00
2026-07-02 12:09:07,95,1428.00
2026-07-02 12:09:08,95,1428.00
2026-07-02 12:09:09,95,1428.00
2026-07-02 12:09:10,95,1428.00
2026-07-02 12:09:11,95,1428.00
2026-07-02 12:09:12,95,1428.00
2026-07-02 12:09:13,95,1428.00
2026-07-02 12:09:14,95,1428.00
2026-07-02 12:09:15,95,1428.00
2026-07-02 12:09:16,95,1428.00
2026-07-02 12:09:17,95,1428.00
2026-07-02 12:09:18,95,1428.00
2026-07-02 12:09:19,95,1428.00
2026-07-02 12:09:20,95,1428.00
2026-07-02 12:09:21,95,1428.00
2026-07-02 12:09:22,95,1428.00
2026-07-02 12:09:23,95,1428.00
2026-07-02 12:09:24,95,1428.00
2026-07-02 12:09:25,95,1428.00
2026-07-02 12:09:26,95,1428.00
2026-07-02 12:09:27,95,1428.00
2026-07-02 12:09:28,95,1428.00
2026-07-02 12:09:29,95,1428.00
2026-07-02 12:09:30,95,1428.00
2026-07-02 12:09:31,95,1428.00
2026-07-02 12:09:32,95,1428.00
2026-07-02 12:09:33,95,1428.00
2026-07-02 12:09:34,95,1428.00
2026-07-02 12:09:35,95,1428.00
2026-07-02 12:09:36,95,1428.00
2026-07-02 12:09:37,95,1394.00
2026-07-02 12:09:38,95,1394.00
2026-07-02 12:09:39,95,1394.00
2026-07-02 12:09:40,95,1394.00
2026-07-02 12:09:41,95,1394.00
2026-07-02 12:09:42,95,1394.00
2026-07-02 12:09:43,95,1394.00
2026-07-02 12:09:44,95,1394.00
2026-07-02 12:09:45,95,1394.00
2026-07-02 12:09:46,95,1394.00
2026-07-02 12:09:47,95,1394.00
2026-07-02 12:09:48,95,1394.00
2026-07-02 12:09:49,95,1394.00
2026-07-02 12:09:50,95,1394.00
2026-07-02 12:09:51,95,1394.00
2026-07-02 12:09:52,95,1394.00
2026-07-02 12:09:53,95,1394.00
2026-07-02 12:09:54,95,1394.00
2026-07-02 12:09:55,95,1394.00
2026-07-02 12:09:56,95,1394.00
2026-07-02 12:09:57,95,1394.00
2026-07-02 12:09:58,95,1394.00
2026-07-02 12:09:59,95,1394.00
2026-07-02 12:10:00,95,1394.00
2026-07-02 12:10:01,95,1394.00
2026-07-02 12:10:02,95,1394.00
2026-07-02 12:10:03,95,1394.00
2026-07-02 12:10:04,95,1394.00
2026-07-02 12:10:05,95,1394.00
2026-07-02 12:10:06,95,1394.00
2026-07-02 12:10:07,95,1394.00
2026-07-02 12:10:08,95,1394.00
2026-07-02 12:10:09,95,1394.00
2026-07-02 12:10:10,95,1394.00
2026-07-02 12:10:11,95,1394.00
2026-07-02 12:10:12,95,1394.00
2026-07-02 12:10:13,95,1394.00
2026-07-02 12:10:14,95,1360.00
2026-07-02 12:10:15,95,1360.00
2026-07-02 12:10:16,95,1360.00
2026-07-02 12:10:17,95,1360.00
2026-07-02 12:10:18,95,1360.00
2026-07-02 12:10:19,95,1360.00
2026-07-02 12:10:20,95,1360.00
2026-07-02 12:10:21,96,1360.00
2026-07-02 12:10:22,96,1360.00
2026-07-02 12:10:23,96,1360.00
2026-07-02 12:10:24,96,1360.00
2026-07-02 12:10:25,96,1360.00
2026-07-02 12:10:26,96,1360.00
2026-07-02 12:10:27,96,1360.00
2026-07-02 12:10:28,96,1360.00
2026-07-02 12:10:29,96,1360.00
2026-07-02 12:10:30,96,1360.00
2026-07-02 12:10:31,96,1360.00
2026-07-02 12:10:32,96,1360.00
2026-07-02 12:10:33,96,1360.00
2026-07-02 12:10:34,96,1360.00
2026-07-02 12:10:35,96,1360.00
2026-07-02 12:10:36,96,1360.00
2026-07-02 12:10:37,96,1360.00
2026-07-02 12:10:38,96,1360.00
2026-07-02 12:10:39,96,1360.00
2026-07-02 12:10:40,96,1360.00
2026-07-02 12:10:41,96,1360.00
2026-07-02 12:10:42,96,1360.00
2026-07-02 12:10:43,96,1360.00
2026-07-02 12:10:44,96,1360.00
2026-07-02 12:10:45,96,1360.00
2026-07-02 12:10:46,96,1360.00
2026-07-02 12:10:47,96,1360.00
2026-07-02 12:10:48,96,1360.00
2026-07-02 12:10:49,96,1360.00
2026-07-02 12:10:50,96,1360.00
2026-07-02 12:10:51,96,1360.00
2026-07-02 12:10:52,96,1360.00
2026-07-02 12:10:53,96,1360.00
2026-07-02 12:10:54,96,1360.00
2026-07-02 12:10:55,96,1360.00
2026-07-02 12:10:56,96,1360.00
2026-07-02 12:10:57,96,1360.00
2026-07-02 12:10:58,96,1326.00
2026-07-02 12:10:59,96,1326.00
2026-07-02 12:11:00,96,1326.00
2026-07-02 12:11:01,96,1326.00
2026-07-02 12:11:02,96,1326.00
2026-07-02 12:11:03,96,1326.00
2026-07-02 12:11:04,96,1326.00
2026-07-02 12:11:05,96,1326.00
2026-07-02 12:11:06,96,1326.00
2026-07-02 12:11:07,96,1326.00
2026-07-02 12:11:08,96,1326.00
2026-07-02 12:11:09,96,1326.00
2026-07-02 12:11:10,96,1326.00
2026-07-02 12:11:11,96,1326.00
2026-07-02 12:11:12,96,1326.00
2026-07-02 12:11:13,96,1326.00
2026-07-02 12:11:14,97,1326.00
2026-07-02 12:11:15,97,1326.00
2026-07-02 12:11:16,97,1326.00
2026-07-02 12:11:17,97,1326.00
2026-07-02 12:11:18,97,1326.00
2026-07-02 12:11:19,97,1326.00
2026-07-02 12:11:20,97,1326.00
2026-07-02 12:11:21,97,1326.00
2026-07-02 12:11:22,97,1326.00
2026-07-02 12:11:23,97,1326.00
2026-07-02 12:11:24,97,1326.00
2026-07-02 12:11:25,97,1326.00
2026-07-02 12:11:26,97,1326.00
2026-07-02 12:11:27,97,1326.00
2026-07-02 12:11:28,97,1326.00
2026-07-02 12:11:29,97,1326.00
2026-07-02 12:11:30,97,1326.00
2026-07-02 12:11:31,97,1326.00
2026-07-02 12:11:32,97,1326.00
2026-07-02 12:11:33,97,1326.00
2026-07-02 12:11:34,97,1326.00
2026-07-02 12:11:35,97,1292.00
2026-07-02 12:11:36,97,1292.00
2026-07-02 12:11:37,97,1292.00
2026-07-02 12:11:38,97,1292.00
2026-07-02 12:11:39,97,1292.00
2026-07-02 12:11:40,97,1292.00
2026-07-02 12:11:41,97,1292.00
2026-07-02 12:11:42,97,1292.00
2026-07-02 12:11:43,97,1292.00
2026-07-02 12:11:44,97,1292.00
2026-07-02 12:11:45,97,1292.00
2026-07-02 12:11:46,97,1292.00
2026-07-02 12:11:47,97,1292.00
2026-07-02 12:11:48,97,1292.00
2026-07-02 12:11:49,97,1292.00
2026-07-02 12:11:50,97,1292.00
2026-07-02 12:11:51,97,1292.00
2026-07-02 12:11:52,97,1292.00
2026-07-02 12:11:53,97,1292.00
2026-07-02 12:11:54,97,1292.00
2026-07-02 12:11:55,97,1292.00
2026-07-02 12:11:56,97,1292.00
2026-07-02 12:11:57,97,1292.00
2026-07-02 12:11:58,97,1292.00
2026-07-02 12:11:59,97,1292.00
2026-07-02 12:12:00,97,1258.00
2026-07-02 12:12:01,97,1258.00
2026-07-02 12:12:02,97,1258.00
2026-07-02 12:12:03,97,1258.00
2026-07-02 12:12:04,97,1258.00
2026-07-02 12:12:05,97,1258.00
2026-07-02 12:12:06,97,1258.00
2026-07-02 12:12:07,97,1258.00
2026-07-02 12:12:08,97,1258.00
2026-07-02 12:12:09,98,1258.00
2026-07-02 12:12:10,98,1258.00
2026-07-02 12:12:11,98,1258.00
2026-07-02 12:12:12,98,1258.00
2026-07-02 12:12:13,98,1258.00
2026-07-02 12:12:14,98,1258.00
2026-07-02 12:12:15,98,1258.00
2026-07-02 12:12:16,98,1258.00
2026-07-02 12:12:17,98,1258.00
2026-07-02 12:12:18,98,1258.00
2026-07-02 12:12:19,98,1258.00
2026-07-02 12:12:20,98,1258.00
2026-07-02 12:12:21,98,1258.00
2026-07-02 12:12:22,98,1258.00
2026-07-02 12:12:23,98,1258.00
2026-07-02 12:12:24,98,1258.00
2026-07-02 12:12:25,98,1258.00
2026-07-02 12:12:26,98,1258.00
2026-07-02 12:12:27,98,1258.00
2026-07-02 12:12:28,98,1258.00
2026-07-02 12:12:29,98,1258.00
2026-07-02 12:12:30,98,1258.00
2026-07-02 12:12:31,98,1258.00
2026-07-02 12:12:32,98,1258.00
2026-07-02 12:12:33,98,1258.00
2026-07-02 12:12:34,98,1258.00
2026-07-02 12:12:35,98,1258.00
2026-07-02 12:12:36,98,1258.00
2026-07-02 12:12:37,98,1258.00
2026-07-02 12:12:38,98,1258.00
2026-07-02 12:12:39,98,1258.00
2026-07-02 12:12:40,98,1258.00
2026-07-02 12:12:41,98,1258.00
2026-07-02 12:12:42,98,1258.00
2026-07-02 12:12:43,98,1258.00
2026-07-02 12:12:44,98,1258.00
2026-07-02 12:12:45,98,1258.00
2026-07-02 12:12:46,98,1258.00
2026-07-02 12:12:47,98,1258.00
2026-07-02 12:12:48,98,1258.00
2026-07-02 12:12:49,98,1258.00
2026-07-02 12:12:50,98,1258.00
2026-07-02 12:12:51,98,1258.00
2026-07-02 12:12:52,98,1258.00
2026-07-02 12:12:53,98,1258.00
2026-07-02 12:12:54,98,1258.00
2026-07-02 12:12:55,98,1258.00
2026-07-02 12:12:56,98,1258.00
2026-07-02 12:12:57,98,1258.00
2026-07-02 12:12:58,98,1258.00
2026-07-02 12:12:59,98,1258.00
2026-07-02 12:13:00,98,1258.00
2026-07-02 12:13:01,98,1258.00
2026-07-02 12:13:02,98,1258.00
2026-07-02 12:13:03,98,1258.00
2026-07-02 12:13:04,98,1258.00
2026-07-02 12:13:05,98,1258.00
2026-07-02 12:13:06,99,1258.00
2026-07-02 12:13:07,99,1258.00
2026-07-02 12:13:08,99,1258.00
2026-07-02 12:13:09,99,1224.00
2026-07-02 12:13:10,99,1224.00
2026-07-02 12:13:11,99,1224.00
2026-07-02 12:13:12,99,1224.00
2026-07-02 12:13:13,99,1224.00
2026-07-02 12:13:14,99,1224.00
2026-07-02 12:13:15,99,1224.00
2026-07-02 12:13:16,99,1224.00
2026-07-02 12:13:17,99,1224.00
2026-07-02 12:13:18,99,1224.00
2026-07-02 12:13:19,99,1224.00
2026-07-02 12:13:20,99,1224.00
2026-07-02 12:13:21,99,1224.00
2026-07-02 12:13:22,99,1224.00
2026-07-02 12:13:23,99,1224.00
2026-07-02 12:13:24,99,1224.00
2026-07-02 12:13:25,99,1224.00
2026-07-02 12:13:26,99,1224.00
2026-07-02 12:13:27,99,1224.00
2026-07-02 12:13:28,99,1224.00
2026-07-02 12:13:29,99,1224.00
2026-07-02 12:13:30,99,1224.00
2026-07-02 12:13:31,99,1224.00
2026-07-02 12:13:32,99,1224.00
2026-07-02 12:13:33,99,1224.00
2026-07-02 12:13:34,99,1224.00
2026-07-02 12:13:35,99,1224.00
2026-07-02 12:13:36,99,1224.00
2026-07-02 12:13:37,99,1224.00
2026-07-02 12:13:38,99,1224.00
2026-07-02 12:13:39,99,1224.00
2026-07-02 12:13:40,99,1224.00
2026-07-02 12:13:41,99,1224.00
2026-07-02 12:13:42,99,1224.00
2026-07-02 12:13:43,99,1224.00
2026-07-02 12:13:44,99,1224.00
2026-07-02 12:13:45,99,1224.00
2026-07-02 12:13:46,99,1224.00
2026-07-02 12:13:47,99,1224.00
2026-07-02 12:13:48,99,1224.00
2026-07-02 12:13:49,99,1224.00
2026-07-02 12:13:50,99,1224.00
2026-07-02 12:13:51,99,1224.00
2026-07-02 12:13:52,99,1224.00
2026-07-02 12:13:53,99,1190.00
2026-07-02 12:13:54,99,1190.00
2026-07-02 12:13:55,99,1190.00
2026-07-02 12:13:56,99,1190.00
2026-07-02 12:13:57,99,1190.00
2026-07-02 12:13:58,99,1190.00
2026-07-02 12:13:59,99,1190.00
2026-07-02 12:14:00,99,1190.00
2026-07-02 12:14:01,99,1190.00
2026-07-02 12:14:02,99,1190.00
2026-07-02 12:14:03,99,1190.00
2026-07-02 12:14:04,99,1190.00
2026-07-02 12:14:05,100,1190.00
2026-07-02 12:14:06,100,1190.00
2026-07-02 12:14:07,100,1190.00
2026-07-02 12:14:08,100,1190.00
2026-07-02 12:14:09,100,1190.00
2026-07-02 12:14:10,100,1190.00
2026-07-02 12:14:11,100,1190.00
2026-07-02 12:14:12,100,1190.00
2026-07-02 12:14:13,100,1190.00
2026-07-02 12:14:14,100,1190.00
2026-07-02 12:14:15,100,1190.00
2026-07-02 12:14:16,100,1190.00
2026-07-02 12:14:17,100,1190.00
2026-07-02 12:14:18,100,1190.00
2026-07-02 12:14:19,100,1190.00
2026-07-02 12:14:20,100,1190.00
2026-07-02 12:14:21,100,1190.00
2026-07-02 12:14:22,100,1190.00
2026-07-02 12:14:23,100,1190.00
2026-07-02 12:14:24,100,1190.00
2026-07-02 12:14:25,100,1190.00
2026-07-02 12:14:26,100,1190.00
2026-07-02 12:14:27,100,1156.00
2026-07-02 12:14:28,100,1156.00
2026-07-02 12:14:29,100,1156.00
2026-07-02 12:14:30,100,1156.00
2026-07-02 12:14:31,100,1156.00
2026-07-02 12:14:32,100,1156.00
2026-07-02 12:14:33,100,1156.00
2026-07-02 12:14:34,100,1156.00
2026-07-02 12:14:35,100,1156.00
2026-07-02 12:14:36,100,1156.00
2026-07-02 12:14:37,100,1156.00
2026-07-02 12:14:38,100,1156.00
2026-07-02 12:14:39,100,1156.00
2026-07-02 12:14:40,100,1156.00
2026-07-02 12:14:41,100,1156.00
2026-07-02 12:14:42,100,1156.00
2026-07-02 12:14:43,100,1156.00
2026-07-02 12:14:44,100,1156.00
2026-07-02 12:14:45,100,1156.00
2026-07-02 12:14:46,100,1156.00
2026-07-02 12:14:47,100,1156.00
2026-07-02 12:14:48,100,1156.00
2026-07-02 12:14:49,100,1156.00
2026-07-02 12:14:50,100,1156.00
2026-07-02 12:14:51,100,1156.00
2026-07-02 12:14:52,100,1156.00
2026-07-02 12:14:53,100,1156.00
2026-07-02 12:14:54,100,1156.00
2026-07-02 12:14:55,100,1156.00
2026-07-02 12:14:56,100,1156.00
2026-07-02 12:14:57,100,1156.00
2026-07-02 12:14:58,100,1156.00
2026-07-02 12:14:59,100,1156.00
2026-07-02 12:15:00,100,1156.00
2026-07-02 12:15:01,100,1156.00
2026-07-02 12:15:02,100,1156.00
2026-07-02 12:15:03,100,1156.00
2026-07-02 12:15:04,100,1156.00
2026-07-02 12:15:05,100,1156.00
2026-07-02 12:15:06,100,1156.00
2026-07-02 12:15:07,100,1156.00
2026-07-02 12:15:08,100,1156.00
2026-07-02 12:15:09,100,1156.00
2026-07-02 12:15:10,100,1156.00
2026-07-02 12:15:11,100,1156.00
2026-07-02 12:15:12,100,1156.00
2026-07-02 12:15:13,100,1156.00
2026-07-02 12:15:14,100,1156.00
2026-07-02 12:15:15,100,1156.00
2026-07-02 12:15:16,100,1156.00
2026-07-02 12:15:17,100,1156.00
2026-07-02 12:15:18,100,1156.00
2026-07-02 12:15:19,100,1156.00
2026-07-02 12:15:20,100,1156.00
2026-07-02 12:15:21,100,1156.00
2026-07-02 12:15:22,100,1156.00
2026-07-02 12:15:23,100,1156.00
2026-07-02 12:15:24,100,1156.00
2026-07-02 12:15:25,100,1156.00
2026-07-02 12:15:26,100,1156.00
2026-07-02 12:15:27,100,1156.00
2026-07-02 12:15:28,100,1156.00
2026-07-02 12:15:29,100,1156.00
2026-07-02 12:15:30,100,1156.00
2026-07-02 12:15:31,100,1122.00
2026-07-02 12:15:32,100,1122.00
2026-07-02 12:15:33,100,1122.00
2026-07-02 12:15:34,100,1122.00
2026-07-02 12:15:35,100,1122.00
2026-07-02 12:15:36,100,1122.00
2026-07-02 12:15:37,100,1122.00
2026-07-02 12:15:38,100,1122.00
2026-07-02 12:15:39,100,1122.00
2026-07-02 12:15:40,100,1122.00
2026-07-02 12:15:41,100,1122.00
2026-07-02 12:15:42,100,1122.00
2026-07-02 12:15:43,100,1122.00
2026-07-02 12:15:44,100,1122.00
2026-07-02 12:15:45,100,1122.00
2026-07-02 12:15:46,100,1122.00
2026-07-02 12:15:47,100,1122.00
2026-07-02 12:15:48,100,1122.00
2026-07-02 12:15:49,100,1122.00
2026-07-02 12:15:50,100,1122.00
2026-07-02 12:15:51,100,1122.00
2026-07-02 12:15:52,100,1122.00
2026-07-02 12:15:53,100,1122.00
2026-07-02 12:15:54,100,1122.00
2026-07-02 12:15:55,100,1122.00
2026-07-02 12:15:56,100,1122.00
2026-07-02 12:15:57,100,1122.00
2026-07-02 12:15:58,100,1122.00
2026-07-02 12:15:59,100,1122.00
2026-07-02 12:16:00,100,1122.00